id,rep,date,lon,lat,type,test_train
M-111,NA,NA,104.7639964,-21.28221575,background,train
M-129,NA,NA,82.1501259,-19.02703082,background,train
M-130,NA,NA,104.432254,1.880531431,background,train
M-149,NA,NA,83.81995596,-5.77473815,background,train
M-150,NA,NA,85.75822435,0.043492683,background,train
M-156,NA,NA,106.8536074,-17.36303496,background,train
M-111,NA,NA,103.719482,8.130770471,background,train
M-129,NA,NA,98.88186076,-14.33928441,background,train
M-130,NA,NA,73.48545382,-26.178962,background,train
M-149,NA,NA,104.9059932,-16.70232048,background,train
M-150,NA,NA,66.67192807,8.28756586,background,train
M-156,NA,NA,101.8134454,-30.27062852,background,train
M-111,NA,NA,90.06974828,15.3478163,background,train
M-129,NA,NA,108.2752647,-26.57166253,background,train
M-130,NA,NA,33.24829454,-26.92538338,background,train
M-149,NA,NA,36.4564198,23.24158336,background,train
M-150,NA,NA,69.58810636,-1.882156865,background,train
M-156,NA,NA,103.437567,-21.63951182,background,train
M-111,NA,NA,93.72790859,18.63895447,background,train
M-129,NA,NA,54.18621714,8.052949738,background,train
M-130,NA,NA,55.20048669,-31.26088293,background,train
M-149,NA,NA,58.79756034,8.598112729,background,train
M-150,NA,NA,102.0011019,-28.01524004,background,train
M-156,NA,NA,81.97922429,-26.42773147,background,train
M-111,NA,NA,95.87033695,10.62199518,background,train
M-129,NA,NA,102.0058859,-22.34834016,background,train
M-130,NA,NA,54.46125541,-13.51339179,background,train
M-149,NA,NA,64.46145016,9.789111251,background,train
M-150,NA,NA,91.15309922,-32.29349229,background,train
M-156,NA,NA,49.49338133,-18.04448286,background,train
M-111,NA,NA,71.92696268,-18.24556067,background,train
M-129,NA,NA,80.95371511,-18.08676642,background,train
M-130,NA,NA,94.3201749,12.3616978,background,test
M-149,NA,NA,60.78829203,8.595612035,background,train
M-150,NA,NA,103.5629127,-5.655585901,background,test
M-156,NA,NA,67.46668498,-22.71955859,background,test
M-111,NA,NA,91.68618701,-25.75227981,background,test
M-129,NA,NA,60.12566598,2.73024354,background,train
M-130,NA,NA,68.62454348,-28.895730790000002,background,train
M-149,NA,NA,52.33895,14.60010891,background,train
M-150,NA,NA,102.3864051,-18.93925881,background,train
M-156,NA,NA,61.08812709,-10.29978903,background,train
M-111,NA,NA,89.66487185,-30.15113988,background,train
M-129,NA,NA,49.325374,-0.505262417,background,test
M-130,NA,NA,45.73090566,-31.74107556,background,train
M-149,NA,NA,83.77464882,7.583197204,background,test
M-150,NA,NA,69.80712206,-28.82106165,background,train
M-156,NA,NA,78.75870621,-23.68506001,background,train
M-111,NA,NA,51.88420282,-23.00008555,background,train
M-129,NA,NA,67.72684728,3.744706304,background,train
M-130,NA,NA,63.79766014,-15.54709963,background,train
M-149,NA,NA,104.0925267,-27.65068818,background,train
M-150,NA,NA,94.05946675,16.72681669,background,train
M-156,NA,NA,61.30973672,10.3273155,background,train
M-111,NA,NA,57.55210508,4.376708958,background,test
M-129,NA,NA,51.49576391,-28.13257229,background,test
M-130,NA,NA,94.22746496,-24.33034526,background,train
M-149,NA,NA,63.57140491,-5.86173543,background,train
M-150,NA,NA,79.09126082,8.323239397,background,test
M-156,NA,NA,90.61842713,-26.63403609,background,train
M-111,NA,NA,65.44961333,-22.60542652,background,test
M-129,NA,NA,82.35116403,-15.10208576,background,train
M-130,NA,NA,70.13605849,9.06643506,background,train
M-149,NA,NA,60.44910054,9.709947253,background,train
M-150,NA,NA,52.52347361,14.56525186,background,test
M-156,NA,NA,60.40455129,16.12046522,background,train
M-111,NA,NA,97.7048861,12.30291106,background,train
M-129,NA,NA,45.68220228,-28.30246442,background,train
M-130,NA,NA,60.62814043,-25.5803868,background,train
M-149,NA,NA,42.97287187,-19.27338685,background,train
M-150,NA,NA,80.68938583,-29.24785287,background,train
M-156,NA,NA,42.55431515,-22.03989153,background,train
M-111,NA,NA,103.5137339,-17.21578391,background,train
M-129,NA,NA,56.58923498,-16.23881579,background,train
M-130,NA,NA,50.25414068,-1.18869994,background,test
M-149,NA,NA,81.75261016,3.754481076,background,train
M-150,NA,NA,69.01366452,-14.62569454,background,train
M-156,NA,NA,49.29503411,4.881625803,background,train
M-111,NA,NA,55.81548073,-5.679953431,background,train
M-129,NA,NA,55.97659164,-8.305203848,background,train
M-130,NA,NA,108.199019,18.11439076,background,train
M-149,NA,NA,70.3988646,17.22541497,background,train
M-150,NA,NA,100.3735479,-12.17128296,background,train
M-156,NA,NA,55.21146174,8.271616855,background,train
M-111,NA,NA,75.43646355,-10.24998895,background,train
M-129,NA,NA,53.51809236,-31.63299379,background,test
M-130,NA,NA,93.99723217,-13.42220819,background,train
M-149,NA,NA,55.95745651,1.00938022,background,train
M-150,NA,NA,74.2020349,-10.13585463,background,train
M-156,NA,NA,105.2324164,-8.865867692,background,train
M-111,NA,NA,71.09425293,13.33273038,background,train
M-129,NA,NA,72.68971469,14.81969377,background,train
M-130,NA,NA,62.63819533,-4.965570169,background,train
M-149,NA,NA,53.40066296,2.717559812,background,test
M-150,NA,NA,106.8549638,-7.767076191,background,train
M-156,NA,NA,98.24114657,-27.94455218,background,train
M-111,NA,NA,38.75037781,-17.7678949,background,train
M-129,NA,NA,70.11187042,-25.46203005,background,train
M-130,NA,NA,95.62631527,2.31582614,background,test
M-149,NA,NA,79.71611452,-23.41593989,background,train
M-150,NA,NA,91.39047727,-10.37136014,background,train
M-156,NA,NA,57.64457056,-3.572200537,background,train
M-111,NA,NA,99.02025489,-21.70386368,background,train
M-129,NA,NA,72.64181096,-13.15504906,background,train
M-130,NA,NA,83.13306957,6.594701583,background,train
M-149,NA,NA,68.48601996,-7.694731466,background,train
M-150,NA,NA,52.20006652,4.418899103,background,train
M-156,NA,NA,42.91094144,-23.55913015,background,train
M-111,NA,NA,85.1249115,9.822945708,background,train
M-129,NA,NA,89.45373348,-11.33222312,background,train
M-130,NA,NA,91.87715885,-26.99670082,background,test
M-149,NA,NA,93.06660112,6.087015932,background,test
M-150,NA,NA,82.53500423,-26.30123736,background,train
M-156,NA,NA,63.8416788,-24.78699725,background,train
M-111,NA,NA,70.84651317,-14.18383651,background,train
M-129,NA,NA,53.44251046,-19.81827191,background,train
M-130,NA,NA,66.36963564,5.793612253,background,train
M-149,NA,NA,40.53580374,-25.88935459,background,train
M-150,NA,NA,64.72536057,-24.14764441,background,train
M-156,NA,NA,62.35845397,-17.31864808,background,train
M-111,NA,NA,56.10073651,9.063431229,background,test
M-129,NA,NA,43.68014704,12.20848097,background,train
M-130,NA,NA,59.10811372,19.16512542,background,train
M-149,NA,NA,54.54819381,-24.7630787,background,train
M-150,NA,NA,42.48413839,-23.86016604,background,train
M-156,NA,NA,59.54355112,-16.15133945,background,train
M-111,NA,NA,107.9209801,17.60454051,background,test
M-129,NA,NA,68.49795462,8.334383438,background,train
M-130,NA,NA,41.88387413,-26.67022,background,train
M-149,NA,NA,91.0953624,-20.11627872,background,train
M-150,NA,NA,108.2551691,20.14849921,background,train
M-156,NA,NA,105.2966921,-14.95452121,background,test
M-111,NA,NA,54.02721405,-0.064854085,background,train
M-129,NA,NA,92.50368439,-30.37728056,background,train
M-130,NA,NA,81.13165965,-18.02453708,background,train
M-149,NA,NA,81.83429158,-26.78137736,background,test
M-150,NA,NA,68.00979134,15.54681676,background,train
M-156,NA,NA,34.6628568,28.81871452,background,test
M-111,NA,NA,100.2770548,-28.94048255,background,train
M-129,NA,NA,63.32478947,-24.31232202,background,train
M-130,NA,NA,80.88056585,5.748261563,background,train
M-149,NA,NA,49.2674819,0.512562225,background,train
M-150,NA,NA,43.70610787,-15.00023704,background,test
M-156,NA,NA,46.09184521,-30.01099896,background,train
M-111,NA,NA,68.94361195,-7.815621279,background,test
M-129,NA,NA,66.81699989,-25.3299019,background,train
M-130,NA,NA,93.49920171,8.923319012,background,test
M-149,NA,NA,106.9929573,-14.23651934,background,train
M-150,NA,NA,72.55725063,-8.780395476,background,train
M-156,NA,NA,59.09333236,-30.3164349,background,test
M-111,NA,NA,71.34861843,-7.631302813,background,train
M-129,NA,NA,95.74008973,-21.63257074,background,test
M-130,NA,NA,102.1177214,10.21924251,background,train
M-149,NA,NA,100.7216703,-26.01185549,background,train
M-150,NA,NA,82.43009131,15.3945187,background,train
M-156,NA,NA,99.27394215,-31.34936579,background,train
M-111,NA,NA,107.9520739,0.098035308,background,train
M-129,NA,NA,98.06459865,8.786507336,background,train
M-130,NA,NA,43.10644651,-2.532733657,background,train
M-149,NA,NA,42.5660062,-17.76223092,background,test
M-150,NA,NA,99.67776377,-32.34763397,background,train
M-156,NA,NA,63.20918463,7.476852903,background,train
M-111,NA,NA,54.51182233,-29.94892316,background,test
M-129,NA,NA,52.65713702,-30.22917565,background,train
M-130,NA,NA,55.40181236,-3.352210003,background,train
M-149,NA,NA,90.46430815,-16.48145632,background,test
M-150,NA,NA,83.84009973,-1.758257564,background,train
M-156,NA,NA,53.74526219,-10.36626273,background,train
M-111,NA,NA,75.80518362,-27.70454802,background,train
M-129,NA,NA,54.42123179,-22.08558359,background,train
M-130,NA,NA,42.14025903,-10.67444437,background,test
M-149,NA,NA,65.33815225,14.87260327,background,train
M-150,NA,NA,54.08163479,-14.80136995,background,train
M-156,NA,NA,93.47308705,-10.80568268,background,train
M-111,NA,NA,54.44163951,8.297572536,background,train
M-129,NA,NA,49.90359994,5.189095496,background,train
M-130,NA,NA,64.51338782,1.684547723,background,train
M-149,NA,NA,60.36579482,-15.48615033,background,train
M-150,NA,NA,104.1139132,-17.84871898,background,test
M-156,NA,NA,40.98479142,-26.01842755,background,train
M-111,NA,NA,55.60283995,11.06176464,background,train
M-129,NA,NA,58.14951598,19.95160748,background,test
M-130,NA,NA,97.50257081,2.681262458,background,train
M-149,NA,NA,62.15561235,-32.25850027,background,test
M-150,NA,NA,91.26301843,7.475314803,background,train
M-156,NA,NA,56.44503065,-28.07837399,background,train
M-111,NA,NA,73.80348077,-15.18348269,background,test
M-129,NA,NA,66.54781615,2.757672538,background,train
M-130,NA,NA,103.58229,-18.39489257,background,train
M-149,NA,NA,80.39437874,-22.19249867,background,train
M-150,NA,NA,97.50595819,-14.94851831,background,test
M-156,NA,NA,62.02972772,4.129930722,background,train
M-111,NA,NA,74.91321735,6.702161565,background,test
M-129,NA,NA,92.13279081,-31.40584187,background,train
M-130,NA,NA,88.98774316,-6.292511815,background,train
M-149,NA,NA,74.51077607,-29.43466362,background,train
M-150,NA,NA,76.46460285,7.675637598,background,train
M-156,NA,NA,99.03372512,-0.709284815,background,train
M-111,NA,NA,60.33531736,-3.038121283,background,train
M-129,NA,NA,80.90830306,13.54359551,background,train
M-130,NA,NA,85.17076761,17.36774556,background,train
M-149,NA,NA,54.26768801,26.40841086,background,test
M-150,NA,NA,83.27745632,-10.190372290000001,background,train
M-156,NA,NA,63.10404554,5.334076656,background,train
M-111,NA,NA,88.03208749,-29.539500490000002,background,train
M-129,NA,NA,104.6784909,8.863544083,background,train
M-130,NA,NA,53.96785447,5.616109316,background,train
M-149,NA,NA,46.42645026,11.56420037,background,train
M-150,NA,NA,105.1258532,8.252160964,background,train
M-156,NA,NA,83.87960445,10.91892511,background,train
M-111,NA,NA,43.7045759,-27.43090023,background,train
M-129,NA,NA,49.74096503,-9.501525782,background,train
M-130,NA,NA,84.63350403,-27.24633828,background,test
M-149,NA,NA,74.05357197,-1.569138184,background,train
M-150,NA,NA,71.51467317,13.32856364,background,train
M-156,NA,NA,77.28330253,1.737870407,background,train
M-111,NA,NA,69.36194234,9.51455445,background,train
M-129,NA,NA,57.17822333,-23.14156656,background,train
M-130,NA,NA,80.83496634,5.710169445,background,test
M-149,NA,NA,49.45700842,-31.06909066,background,train
M-150,NA,NA,57.97403405,-23.7211061,background,train
M-156,NA,NA,82.62028164,-2.944840153,background,train
M-111,NA,NA,46.83557482,-7.121569997,background,train
M-129,NA,NA,96.31211536,-1.058507173,background,train
M-130,NA,NA,59.35241062,-31.70512837,background,train
M-149,NA,NA,64.24060358,-20.71254544,background,test
M-150,NA,NA,108.0175992,-27.00700594,background,test
M-156,NA,NA,50.08803061,-25.55947003,background,train
M-111,NA,NA,52.39441205,-12.10711551,background,train
M-129,NA,NA,81.50831198,16.08657028,background,test
M-130,NA,NA,83.44613588,-16.70771601,background,train
M-149,NA,NA,60.7048856,14.55198396,background,train
M-150,NA,NA,51.94885201,-22.05462057,background,test
M-156,NA,NA,97.44457701,-1.876532479,background,train
M-111,NA,NA,63.20206867,15.33844157,background,train
M-129,NA,NA,52.78941172,3.224226929,background,train
M-130,NA,NA,79.07286202,-0.250299608,background,train
M-149,NA,NA,88.4743642,3.494367721,background,test
M-150,NA,NA,76.25408198,-13.56479049,background,train
M-156,NA,NA,43.48749725,-15.53815349,background,train
M-111,NA,NA,58.86512537,-2.544462271,background,test
M-129,NA,NA,71.71064718,-30.9863119,background,train
M-130,NA,NA,50.03613204,-3.751215385,background,train
M-149,NA,NA,64.2359945,-15.45382299,background,train
M-150,NA,NA,88.9106622,-24.07847417,background,test
M-156,NA,NA,54.73034271,-1.274618484,background,test
M-111,NA,NA,108.2055845,-19.52492073,background,train
M-129,NA,NA,85.39324453,-0.736865586,background,train
M-130,NA,NA,89.68354966,-0.406801284,background,train
M-149,NA,NA,62.938319129999996,24.00571692,background,train
M-150,NA,NA,56.03757016,9.409768004,background,train
M-156,NA,NA,44.87796752,-13.41742428,background,train
M-111,NA,NA,69.25522466,13.59993041,background,test
M-129,NA,NA,68.63914909,-22.56546197,background,test
M-130,NA,NA,79.54212664,-30.59609564,background,train
M-149,NA,NA,90.50663109,-29.29117276,background,train
M-150,NA,NA,76.77123999,0.532386735,background,train
M-156,NA,NA,52.94290424,9.225280658,background,train
M-111,NA,NA,67.23865566,-17.44198992,background,train
M-129,NA,NA,43.5854225,-24.95948061,background,train
M-130,NA,NA,81.58517621,8.291624761,background,train
M-149,NA,NA,106.2828605,-13.54047607,background,train
M-150,NA,NA,66.57446751,-6.449607412,background,test
M-156,NA,NA,93.01817825,-25.04570215,background,train
M-111,NA,NA,95.1423503,-6.156527041,background,train
M-129,NA,NA,81.65970722,-15.83241924,background,train
M-130,NA,NA,71.34387773,-21.18846459,background,train
M-149,NA,NA,64.07093234,-28.52941397,background,train
M-150,NA,NA,81.06923728,-22.09467052,background,test
M-156,NA,NA,85.720255,2.568335398,background,train
M-111,NA,NA,88.73619746,-23.32058742,background,train
M-129,NA,NA,59.0129418,-4.972312977,background,train
M-130,NA,NA,52.68610881,2.371888445,background,train
M-149,NA,NA,106.4329309,-7.91121389,background,train
M-150,NA,NA,55.47770429,-15.41448344,background,train
M-156,NA,NA,47.32652281,-13.20325681,background,test
M-111,NA,NA,66.13816309,-25.22505069,background,train
M-129,NA,NA,75.42140716,-26.8351902,background,train
M-130,NA,NA,51.89034755,7.719683699,background,train
M-149,NA,NA,88.97637499,5.839064315,background,test
M-150,NA,NA,105.4246626,6.599896281,background,train
M-156,NA,NA,84.68702878,-25.36098574,background,train
M-111,NA,NA,55.41740469,-5.411618281,background,train
M-129,NA,NA,50.62779897,-28.79241243,background,train
M-130,NA,NA,107.4379759,-20.68180987,background,train
M-149,NA,NA,53.37528917,2.850781796,background,train
M-150,NA,NA,57.41100486,-30.82662592,background,test
M-156,NA,NA,48.07638689,3.42314894,background,train
M-111,NA,NA,93.18348947,-12.39088245,background,train
M-129,NA,NA,70.98412368,14.52336852,background,test
M-130,NA,NA,91.10748031,-21.46032033,background,train
M-149,NA,NA,61.14310297,-0.606952769,background,train
M-150,NA,NA,62.18538768,11.00321064,background,train
M-156,NA,NA,36.88978197,-19.82588274,background,train
M-111,NA,NA,70.46166099,-3.516019883,background,train
M-129,NA,NA,94.1595182,18.69414971,background,train
M-130,NA,NA,82.01051935,6.089477661,background,train
M-149,NA,NA,91.66823768,-28.3246324,background,train
M-150,NA,NA,75.2948547,0.618234501,background,train
M-156,NA,NA,107.6540867,17.76237856,background,train
M-111,NA,NA,96.49456688,-16.86356305,background,test
M-129,NA,NA,71.51309481,-19.70702068,background,train
M-130,NA,NA,51.69583259,-12.00723822,background,train
M-149,NA,NA,58.53250953,-0.452677872,background,train
M-150,NA,NA,51.25070767,-24.27757763,background,train
M-156,NA,NA,93.80044025,8.521427821,background,train
M-111,NA,NA,57.90691994,-13.45502086,background,train
M-129,NA,NA,68.32984825,17.17361058,background,test
M-130,NA,NA,55.09060689,-8.418657687,background,train
M-149,NA,NA,56.44729597,5.390904724,background,train
M-150,NA,NA,42.20021529,-22.6120665,background,train
M-156,NA,NA,36.3538527,-31.2152338,background,train
M-111,NA,NA,108.0037975,-24.60851671,background,train
M-129,NA,NA,69.44720212,-0.334216669,background,train
M-130,NA,NA,61.46396881,-20.49356835,background,train
M-149,NA,NA,54.03560308,14.08629022,background,test
M-150,NA,NA,54.24434365,-1.825674611,background,train
M-156,NA,NA,40.54261423,-21.19641523,background,test
M-111,NA,NA,105.9374962,-12.32288114,background,train
M-129,NA,NA,101.8010272,-17.45044575,background,train
M-130,NA,NA,39.9248861,-28.88151087,background,test
M-149,NA,NA,86.91684848,2.692017418,background,train
M-150,NA,NA,86.71746781,-9.590541428,background,train
M-156,NA,NA,51.22127029,-16.33973705,background,train
M-111,NA,NA,63.45830708,5.730326354,background,test
M-129,NA,NA,89.2853574,-3.31838161,background,train
M-130,NA,NA,100.8007654,7.045695752,background,train
M-149,NA,NA,101.9524315,-19.98388622,background,train
M-150,NA,NA,54.21950983,2.569259941,background,train
M-156,NA,NA,106.8216213,-26.4119714,background,train
M-111,NA,NA,54.98638147,-23.59218947,background,train
M-129,NA,NA,73.71854331,-19.1906602,background,train
M-130,NA,NA,72.21523728,-10.44081907,background,train
M-149,NA,NA,102.6546817,-27.57679244,background,train
M-150,NA,NA,73.11893162,1.938551024,background,train
M-156,NA,NA,69.51382457,9.462919314,background,test
M-111,NA,NA,85.51351651,13.45419978,background,train
M-129,NA,NA,73.16865389,-5.33960658,background,train
M-130,NA,NA,82.14707655,0.148105572,background,train
M-149,NA,NA,76.87331535,0.461472708,background,train
M-150,NA,NA,69.5239674,-18.56061482,background,train
M-156,NA,NA,94.92159598,6.30019206,background,train
M-111,NA,NA,76.56816964,-21.58103208,background,train
M-129,NA,NA,75.8657098,-12.57483803,background,train
M-130,NA,NA,107.8711527,17.62505948,background,train
M-149,NA,NA,58.63841897,8.595701884,background,train
M-150,NA,NA,91.51686244,19.60518352,background,train
M-156,NA,NA,98.42649879,12.01425941,background,train
M-111,NA,NA,95.54258697,-9.440540851,background,train
M-129,NA,NA,59.21371283,18.00128893,background,train
M-130,NA,NA,45.696107,-30.87940115,background,train
M-149,NA,NA,65.59057274,11.74583402,background,train
M-150,NA,NA,56.54723368,-30.92462678,background,train
M-156,NA,NA,61.12026544,-27.88046759,background,train
M-111,NA,NA,91.42815474,6.933994385,background,test
M-129,NA,NA,95.00494552,2.729362235,background,train
M-130,NA,NA,72.93572778,-12.28193493,background,train
M-149,NA,NA,68.67875199,-29.7931097,background,train
M-150,NA,NA,52.18805786,-5.492030222,background,test
M-156,NA,NA,58.37034857,9.972390454,background,train
M-111,NA,NA,56.08268326,-11.58793271,background,test
M-129,NA,NA,70.70589335,18.29340699,background,test
M-130,NA,NA,70.10577918,-22.50903725,background,test
M-149,NA,NA,71.94109591,15.11582852,background,train
M-150,NA,NA,61.32426913,-25.51632563,background,train
M-156,NA,NA,88.32910126,1.360781206,background,test
M-111,NA,NA,92.32073427,-17.29659707,background,train
M-129,NA,NA,86.98008275,-13.36341598,background,train
M-130,NA,NA,59.02049981,-30.38855687,background,train
M-149,NA,NA,63.36064309,-6.141959719,background,train
M-150,NA,NA,44.82822616,-13.95639508,background,train
M-156,NA,NA,51.95301625,-20.38483795,background,train
M-111,NA,NA,58.86088671,10.06955872,background,train
M-129,NA,NA,84.15051187,10.39322001,background,test
M-130,NA,NA,64.91920546,-11.82018914,background,train
M-149,NA,NA,75.25638546,-10.28187693,background,train
M-150,NA,NA,60.4089425,25.03117732,background,train
M-156,NA,NA,92.46760172,-9.443771408,background,test
M-111,NA,NA,96.08366212,-3.126395161,background,train
M-129,NA,NA,42.01127589,-21.61363139,background,train
M-130,NA,NA,82.41666643,0.816298465,background,train
M-149,NA,NA,68.42741604,-16.82053315,background,train
M-150,NA,NA,107.703793,-15.16317529,background,test
M-156,NA,NA,69.91332492,-11.30314998,background,train
M-111,NA,NA,39.91129089,15.81571032,background,test
M-129,NA,NA,68.30721223,17.06443104,background,test
M-130,NA,NA,90.29306996,13.44201591,background,train
M-149,NA,NA,44.54475542,-3.610014141,background,train
M-150,NA,NA,101.0620838,-8.89692764,background,train
M-156,NA,NA,74.99954581,2.971529876,background,train
M-111,NA,NA,105.8056296,-27.12423978,background,train
M-129,NA,NA,62.73643805,3.175688088,background,train
M-130,NA,NA,53.23433781,-22.81092315,background,train
M-149,NA,NA,91.93517659,-9.017417587,background,train
M-150,NA,NA,74.75264372,-31.24307047,background,train
M-156,NA,NA,46.08415984,-2.607450036,background,test
M-111,NA,NA,84.56197915,-8.490358448,background,train
M-129,NA,NA,87.78163456,-14.09335592,background,train
M-130,NA,NA,40.58506904,-10.86167764,background,train
M-149,NA,NA,88.43200846,1.503087552,background,train
M-150,NA,NA,63.75929296,3.440248833,background,train
M-156,NA,NA,40.69288068,-10.57731686,background,test
M-111,NA,NA,56.25175565,1.597536523,background,train
M-129,NA,NA,83.70473841,14.23059993,background,train
M-130,NA,NA,106.0371672,3.743680727,background,train
M-149,NA,NA,86.68135036,13.71135986,background,train
M-150,NA,NA,66.83325911,12.52100656,background,train
M-156,NA,NA,45.94805538,-30.71699358,background,test
M-111,NA,NA,59.71414794,-23.81116326,background,train
M-129,NA,NA,61.21999208,19.97950008,background,train
M-130,NA,NA,63.47916491,-4.451483789,background,train
M-149,NA,NA,91.91976863,-19.69011681,background,train
M-150,NA,NA,59.89542555,-5.069697898,background,train
M-156,NA,NA,80.47611105,-12.43235082,background,train
M-111,NA,NA,53.12154565,-11.00015487,background,train
M-129,NA,NA,62.5198119,-24.04547431,background,train
M-130,NA,NA,43.65838827,-29.33573658,background,test
M-149,NA,NA,61.200015,-20.22314442,background,train
M-150,NA,NA,49.76626598,-15.88407234,background,train
M-156,NA,NA,56.67793226,-18.83682756,background,train
M-111,NA,NA,35.34200184,25.9762289,background,test
M-129,NA,NA,53.65738559,-28.38561852,background,train
M-130,NA,NA,102.7044961,-7.055912394,background,train
M-149,NA,NA,101.1371332,-11.07492717,background,test
M-150,NA,NA,60.12458184,12.22138101,background,train
M-156,NA,NA,52.00976656,-6.320534473,background,train
M-111,NA,NA,67.34409647,-6.99515333,background,train
M-129,NA,NA,39.52354118,-21.19712243,background,test
M-130,NA,NA,66.69390874,16.11916143,background,test
M-149,NA,NA,50.984008,-3.367640481,background,train
M-150,NA,NA,61.23734887,-15.60957646,background,train
M-156,NA,NA,94.4368298,-8.559301727,background,train
M-111,NA,NA,61.45070636,-12.41807041,background,train
M-129,NA,NA,63.77290116,-0.062499436,background,test
M-130,NA,NA,108.2277005,10.6408531,background,train
M-149,NA,NA,71.75132479,17.84733593,background,train
M-150,NA,NA,50.52648203,28.04403595,background,train
M-156,NA,NA,78.29120741,-5.64520001,background,test
M-111,NA,NA,69.5054637,22.47265024,background,test
M-129,NA,NA,59.18065652,-23.10193366,background,test
M-130,NA,NA,50.93254762,26.28270281,background,train
M-149,NA,NA,65.06032285,-13.42119581,background,test
M-150,NA,NA,107.9704651,3.532689078,background,train
M-156,NA,NA,85.53088184,-17.67481307,background,test
M-111,NA,NA,49.06188419,12.28794012,background,test
M-129,NA,NA,90.36498239,-11.66280345,background,train
M-130,NA,NA,95.51793693,-10.8708779,background,train
M-149,NA,NA,60.47018172,-30.70831941,background,train
M-150,NA,NA,40.91007788,-14.41668519,background,train
M-156,NA,NA,66.80718004,20.17840888,background,train
M-111,NA,NA,79.03435603,-6.642994967,background,train
M-129,NA,NA,106.5246092,-23.61793345,background,train
M-130,NA,NA,89.39084629,16.16887145,background,train
M-149,NA,NA,76.40791391,4.788322474,background,train
M-150,NA,NA,60.69623296,20.15899425,background,train
M-156,NA,NA,39.66470916,-24.08657883,background,test
M-111,NA,NA,66.62342225,-21.06484407,background,train
M-129,NA,NA,93.62893928,7.969927891,background,train
M-130,NA,NA,70.5173166,-9.603279478,background,test
M-149,NA,NA,87.80560491,-22.61162489,background,test
M-150,NA,NA,94.37737854,-5.055309898,background,train
M-156,NA,NA,91.61810411,2.896883987,background,test
M-111,NA,NA,91.29802628,-23.4449555,background,train
M-129,NA,NA,52.43137136,-21.08474355,background,train
M-130,NA,NA,100.657406,-24.24346906,background,test
M-149,NA,NA,80.06838335,4.508149386,background,train
M-150,NA,NA,84.54769142,-17.25259385,background,test
M-156,NA,NA,53.14092748,-27.39515061,background,train
M-111,NA,NA,54.89153238,-31.65277844,background,test
M-129,NA,NA,85.89822792,-4.7506041,background,train
M-130,NA,NA,72.86788532,-16.42750586,background,train
M-149,NA,NA,84.70450815,-15.87933606,background,test
M-150,NA,NA,56.50421976,-23.89848752,background,train
M-156,NA,NA,67.41008027,-16.95749749,background,train
M-111,NA,NA,75.87884554,5.200159024,background,train
M-129,NA,NA,106.9196229,17.75289893,background,train
M-130,NA,NA,33.80463089,-29.91995138,background,train
M-149,NA,NA,96.94354526,-8.263220491,background,train
M-150,NA,NA,107.4168846,-1.444076865,background,train
M-156,NA,NA,82.49081177,-29.72910127,background,train
M-111,NA,NA,50.49728553,-6.537549275,background,train
M-129,NA,NA,58.27020389,-8.250329879,background,train
M-130,NA,NA,76.75011269,-0.914169432,background,train
M-149,NA,NA,42.16847414,-8.364626853,background,train
M-150,NA,NA,52.90065326,-26.28891674,background,test
M-156,NA,NA,68.07893569,-20.2651759,background,train
M-111,NA,NA,59.53779787,-22.18955709,background,train
M-129,NA,NA,55.98451185,-17.27280709,background,train
M-130,NA,NA,65.5474952,22.90578251,background,train
M-149,NA,NA,105.4674301,-25.54364055,background,train
M-150,NA,NA,64.51595117,-14.7132933,background,train
M-156,NA,NA,86.16372088,6.839519753,background,train
M-111,NA,NA,71.27066938,-20.57776577,background,train
M-129,NA,NA,100.7070414,-10.05476574,background,train
M-130,NA,NA,107.5798581,-4.745937325,background,train
M-149,NA,NA,41.16407835,-27.37148117,background,train
M-150,NA,NA,63.6233784,5.265008341,background,train
M-156,NA,NA,90.62873917,-12.77496271,background,train
M-111,NA,NA,51.47499997,-16.54491075,background,train
M-129,NA,NA,56.81486891,16.88676634,background,train
M-130,NA,NA,62.81476779,-12.27616191,background,train
M-149,NA,NA,43.49747647,-3.41650134,background,train
M-150,NA,NA,54.64970629,-0.164132841,background,train
M-156,NA,NA,64.85845666,-24.39309408,background,test
M-111,NA,NA,88.93026718,-27.51415136,background,train
M-129,NA,NA,97.10681291,-20.9727896,background,train
M-130,NA,NA,45.30997852,0.485856331,background,train
M-149,NA,NA,82.97247793,11.26746192,background,train
M-150,NA,NA,67.0926523,-6.148315872,background,train
M-156,NA,NA,87.0772142,-9.960173272,background,train
M-111,NA,NA,92.84806368,5.047883719,background,train
M-129,NA,NA,55.24553603,-15.51902809,background,train
M-130,NA,NA,52.77910265,-12.02665376,background,train
M-149,NA,NA,68.52055421,-18.93751392,background,train
M-150,NA,NA,38.60836244,-20.45079075,background,test
M-156,NA,NA,59.62452586,-26.68359233,background,test
M-111,NA,NA,75.89932375,-11.45369996,background,test
M-129,NA,NA,72.6126986,6.957542427,background,train
M-130,NA,NA,69.39601832,16.72186395,background,test
M-149,NA,NA,73.08202409,-6.774872748,background,train
M-150,NA,NA,104.164922,5.926135585,background,train
M-156,NA,NA,54.31212085,8.245364854,background,test
M-111,NA,NA,102.1959153,-5.260161452,background,train
M-129,NA,NA,97.32498136,-3.955574433,background,train
M-130,NA,NA,75.14407416,-3.642849663,background,train
M-149,NA,NA,64.99075371,-27.73145632,background,train
M-150,NA,NA,37.33311623,19.34259811,background,train
M-156,NA,NA,98.94735585,-20.57347325,background,train
M-111,NA,NA,53.21107747,-24.22198152,background,train
M-129,NA,NA,40.09233169,-23.9218746,background,train
M-130,NA,NA,53.75891444,5.435092134,background,train
M-149,NA,NA,65.02334066,3.535473002,background,train
M-150,NA,NA,107.5716732,-30.93281448,background,train
M-156,NA,NA,64.34010591,-10.02970771,background,train
M-111,NA,NA,55.99127083,-18.80424329,background,train
M-129,NA,NA,86.13508957,-8.382309308,background,train
M-130,NA,NA,68.8427456,-18.9098294,background,train
M-149,NA,NA,68.07472778,-6.857650053,background,test
M-150,NA,NA,92.5185139,15.1273491,background,train
M-156,NA,NA,67.79201185,16.10011023,background,test
M-111,NA,NA,96.91010883,-17.82019995,background,train
M-129,NA,NA,98.79937852,-22.63096045,background,test
M-130,NA,NA,107.8817041,3.305571171,background,train
M-149,NA,NA,57.29121619,9.449106002,background,train
M-150,NA,NA,35.59275236,-27.70798115,background,train
M-156,NA,NA,51.60866551,0.029625994,background,test
M-111,NA,NA,54.91583235,-10.9347682,background,train
M-129,NA,NA,51.43799881,5.717425261,background,train
M-130,NA,NA,88.03587866,20.5081199,background,train
M-149,NA,NA,50.5965834,-29.72516395,background,train
M-150,NA,NA,46.36282349,-2.156464088,background,train
M-156,NA,NA,106.4492251,-17.00205282,background,test
M-111,NA,NA,99.57404552,-9.644688265,background,train
M-129,NA,NA,63.86188971,-7.545583014,background,test
M-130,NA,NA,94.94031075,8.977518288,background,train
M-149,NA,NA,70.73753926,7.951974278,background,test
M-150,NA,NA,60.92713243,-14.50323775,background,train
M-156,NA,NA,102.5368927,-11.13966109,background,train
M-111,NA,NA,68.36769444,-0.756201802,background,train
M-129,NA,NA,35.81789941,-28.69425871,background,train
M-130,NA,NA,62.49209474,-2.512267886,background,train
M-149,NA,NA,71.27693493,-4.904086201,background,test
M-150,NA,NA,107.6197887,-28.07412353,background,train
M-156,NA,NA,60.45892394,-17.12608521,background,test
M-111,NA,NA,72.01788168,19.81022449,background,train
M-129,NA,NA,62.43200402,3.138733746,background,train
M-130,NA,NA,58.50718355,-17.59234605,background,test
M-149,NA,NA,44.26555667,-10.04021968,background,train
M-150,NA,NA,89.00469883,8.32774309,background,train
M-156,NA,NA,57.43015978,11.25709533,background,train
M-111,NA,NA,46.21838229,1.381702914,background,train
M-129,NA,NA,96.21970546,-5.097482589,background,train
M-130,NA,NA,66.0376817,-29.42928026,background,train
M-149,NA,NA,64.79885345,17.38610255,background,train
M-150,NA,NA,51.8314509,-14.87419826,background,train
M-156,NA,NA,62.04450378,-12.24062474,background,train
M-111,NA,NA,65.70921513,21.55225464,background,train
M-129,NA,NA,58.03747548,5.594588177,background,test
M-130,NA,NA,75.77732266,-6.750462277,background,train
M-149,NA,NA,49.49206966,-26.12372636,background,train
M-150,NA,NA,61.26610717,8.128232356,background,train
M-156,NA,NA,51.07521197,-12.06698549,background,train
M-111,NA,NA,60.76153059,7.619654605,background,train
M-129,NA,NA,69.36020183,-6.089757477,background,train
M-130,NA,NA,61.24812535,3.153045981,background,test
M-149,NA,NA,40.49557294,-2.62512462,background,train
M-150,NA,NA,42.93855209,-3.874163244,background,train
M-156,NA,NA,80.11929494,-7.510007224,background,train
M-111,NA,NA,92.86200821,11.69393577,background,test
M-129,NA,NA,61.74600154,20.50761034,background,test
M-130,NA,NA,105.0402661,-29.11108142,background,train
M-149,NA,NA,87.00216795,-6.083811841,background,train
M-150,NA,NA,69.59090152,10.26423727,background,train
M-156,NA,NA,75.74752294,-30.0889893,background,train
M-111,NA,NA,100.5617153,-13.77485324,background,train
M-129,NA,NA,61.4089115,-21.60395897,background,train
M-130,NA,NA,78.11797565,5.106771116,background,train
M-149,NA,NA,59.08710268,-7.999035995,background,train
M-150,NA,NA,86.4986858,-11.18885684,background,train
M-156,NA,NA,89.25816736,-8.418788209,background,train
M-111,NA,NA,98.62444366,1.039298009,background,test
M-129,NA,NA,64.04786288,-17.59548073,background,test
M-130,NA,NA,87.36055604,20.57301086,background,train
M-149,NA,NA,80.38968993,5.744360865,background,test
M-150,NA,NA,57.84745155,-22.16216117,background,train
M-156,NA,NA,43.00217087,-18.61962065,background,train
M-111,NA,NA,97.78455163,-25.27140163,background,test
M-129,NA,NA,41.77143438,15.26965692,background,train
M-130,NA,NA,63.50833234,-8.766301453,background,test
M-149,NA,NA,44.41896308,-7.513408885,background,train
M-150,NA,NA,68.43998286,-1.092243566,background,train
M-156,NA,NA,47.32983091,-5.994767715,background,train
M-111,NA,NA,72.50264102,21.24435989,background,train
M-129,NA,NA,56.53978322,-13.3630616,background,train
M-130,NA,NA,90.61576893,-1.049366378,background,test
M-149,NA,NA,96.29351995,-32.02387887,background,train
M-150,NA,NA,84.64060687,-5.760242336,background,train
M-156,NA,NA,78.93561033,-18.95214225,background,train
M-111,NA,NA,104.0177465,-20.34545195,background,test
M-129,NA,NA,87.68075548,-4.851576704,background,train
M-130,NA,NA,83.98502146,8.259367652,background,train
M-149,NA,NA,71.28250578,-23.64065236,background,train
M-150,NA,NA,98.15389985,11.61653282,background,test
M-156,NA,NA,83.24898448,-10.01780412,background,train
M-111,NA,NA,77.154992,-32.13454185,background,train
M-129,NA,NA,68.69247946,6.873943037,background,test
M-130,NA,NA,100.2945537,-15.76942084,background,train
M-149,NA,NA,62.10990899,-31.76868673,background,test
M-150,NA,NA,53.67654127,13.51236238,background,train
M-156,NA,NA,60.73163475,1.294274378,background,train
M-111,NA,NA,66.22865106,2.875276328,background,train
M-129,NA,NA,50.69359812,4.883353016,background,train
M-130,NA,NA,62.10594714,-1.524854081,background,test
M-149,NA,NA,77.44336728,-15.05046205,background,test
M-150,NA,NA,50.25396308,-0.651109617,background,test
M-156,NA,NA,53.77547858,-28.92695981,background,train
M-111,NA,NA,104.6514483,0.493118347,background,train
M-129,NA,NA,100.9864405,-5.393824819,background,train
M-130,NA,NA,53.82916238,-12.4546118,background,train
M-149,NA,NA,59.31974009,-3.991907874,background,train
M-150,NA,NA,37.50694635,-19.45093996,background,train
M-156,NA,NA,80.03937482,-27.71283066,background,train
M-111,NA,NA,103.8421415,8.230840744,background,test
M-129,NA,NA,56.33266204,-4.083067371,background,train
M-130,NA,NA,106.6183895,9.693409648,background,train
M-149,NA,NA,48.81523879,-23.10817644,background,train
M-150,NA,NA,55.6527351,6.893368864,background,train
M-156,NA,NA,64.02988237,15.54966896,background,test
M-111,NA,NA,68.95234236,-14.43521004,background,train
M-129,NA,NA,65.88357382,-1.606368028,background,train
M-130,NA,NA,88.77740047,1.790987111,background,train
M-149,NA,NA,101.161862,-13.83997391,background,train
M-150,NA,NA,56.09539369,-29.67582991,background,train
M-156,NA,NA,88.13570243,-10.4468978,background,train
M-111,NA,NA,82.67488671,-0.961706152,background,train
M-129,NA,NA,54.66685139,7.335802118,background,train
M-130,NA,NA,35.32707334,-29.3631486,background,train
M-149,NA,NA,108.1093188,-27.27394947,background,test
M-150,NA,NA,86.55275274,13.0490807,background,train
M-156,NA,NA,77.39379489,-18.85471919,background,train
M-111,NA,NA,85.9972657,-5.086263989,background,train
M-129,NA,NA,49.68475694,-18.61033449,background,test
M-130,NA,NA,85.17727425,-18.95213314,background,train
M-149,NA,NA,66.53984513,-27.08524161,background,train
M-150,NA,NA,100.2699183,-14.73071673,background,train
M-156,NA,NA,47.13514303,-1.362859409,background,train
M-111,NA,NA,60.26340009,-0.677719429,background,test
M-129,NA,NA,91.29686119,-3.732270588,background,test
M-130,NA,NA,95.70451268,2.019826483,background,test
M-149,NA,NA,64.87570716,-30.92203803,background,train
M-150,NA,NA,87.35585492,-6.222108231,background,train
M-156,NA,NA,43.91360773,-2.910038264,background,train
M-111,NA,NA,55.01793035,-12.38726424,background,train
M-129,NA,NA,103.5748515,-21.02775565,background,train
M-130,NA,NA,68.32378832,-2.083041701,background,test
M-149,NA,NA,71.82300814,-31.78104542,background,train
M-150,NA,NA,71.21590588,-24.50529504,background,train
M-156,NA,NA,105.9544548,7.580569485,background,test
M-111,NA,NA,89.66574887,-15.71953672,background,train
M-129,NA,NA,72.42798778,-14.30740277,background,train
M-130,NA,NA,98.80109462,-7.83073939,background,train
M-149,NA,NA,78.27119044,4.816050091,background,train
M-150,NA,NA,49.61075589,-11.25815906,background,train
M-156,NA,NA,44.21558907,-14.30742382,background,train
M-111,NA,NA,44.18371457,-0.681331911,background,train
M-129,NA,NA,52.93176551,4.748047632,background,train
M-130,NA,NA,99.87836513,-5.315858516,background,train
M-149,NA,NA,50.57844229,3.284959051,background,train
M-150,NA,NA,101.8031631,-29.13549148,background,train
M-156,NA,NA,63.93637442,-25.75308819,background,train
M-111,NA,NA,81.2558731,1.848718297,background,train
M-129,NA,NA,106.7619875,-4.150548722,background,train
M-130,NA,NA,86.02723,19.44220154,background,train
M-149,NA,NA,48.75464888,-21.88531656,background,train
M-150,NA,NA,73.95250475,-28.05053515,background,train
M-156,NA,NA,40.46216192,-30.72486529,background,train
M-111,NA,NA,44.99802161,-8.196569356,background,train
M-129,NA,NA,54.31190334,-25.33733959,background,train
M-130,NA,NA,58.91771294,-0.724786378,background,train
M-149,NA,NA,97.91455995,-26.16910014,background,train
M-150,NA,NA,53.42782506,-27.23751494,background,train
M-156,NA,NA,106.7721296,-22.18359178,background,train
M-111,NA,NA,85.17508366,5.339430384,background,train
M-129,NA,NA,90.92530424,7.530527851,background,train
M-130,NA,NA,92.43132754,-16.14605161,background,train
M-149,NA,NA,67.46618188,-29.89443133,background,train
M-150,NA,NA,40.73770051,15.75189129,background,test
M-156,NA,NA,64.27579626,-28.00981303,background,test
M-111,NA,NA,68.22405249,17.20421755,background,test
M-129,NA,NA,49.52438445,-27.84674867,background,train
M-130,NA,NA,55.4279891,25.48404322,background,train
M-149,NA,NA,79.44662324,-1.198959641,background,train
M-150,NA,NA,86.33078032,8.461013498,background,train
M-156,NA,NA,90.35422524,16.05196674,background,train
M-111,NA,NA,69.28378264,-4.395982988,background,train
M-129,NA,NA,85.51911213,-5.737749,background,train
M-130,NA,NA,80.39059196,-15.04426683,background,train
M-149,NA,NA,105.0359609,-13.83561466,background,test
M-150,NA,NA,61.31657695,-0.226960748,background,train
M-156,NA,NA,76.097731,-2.709051958,background,train
M-111,NA,NA,37.04816086,21.51622529,background,test
M-129,NA,NA,80.82675286,9.943059965,background,train
M-130,NA,NA,105.9794093,8.87647987,background,train
M-149,NA,NA,50.11506028,-27.31963873,background,train
M-150,NA,NA,88.91127702,-4.820619749,background,test
M-156,NA,NA,64.77291761,-8.719156054,background,train
M-111,NA,NA,102.1197099,-30.95592767,background,train
M-129,NA,NA,91.77022151,-16.2764838,background,test
M-130,NA,NA,79.87073155,9.534520562,background,train
M-149,NA,NA,87.3540846,-14.9894841,background,train
M-150,NA,NA,56.21152059,-14.13390441,background,test
M-156,NA,NA,92.43272905,10.27081958,background,train
M-111,NA,NA,30.79186865,-31.08069501,background,test
M-129,NA,NA,90.76847943,5.856617061,background,train
M-130,NA,NA,106.330738,-30.93975565,background,test
M-149,NA,NA,46.1422013,-27.96378361,background,test
M-150,NA,NA,39.70583354,17.47993847,background,train
M-156,NA,NA,73.274871,-32.11091366,background,test
M-111,NA,NA,92.9034335,-6.491701563,background,train
M-129,NA,NA,86.06238231,-31.65405762,background,train
M-130,NA,NA,69.03929412,-13.50750438,background,test
M-149,NA,NA,48.30142922,-1.604523008,background,train
M-150,NA,NA,50.56514819,-7.010290124,background,train
M-156,NA,NA,84.34602393,-21.51243256,background,train
M-111,NA,NA,63.26213184,-13.4365474,background,train
M-129,NA,NA,77.02807291,-7.081423785,background,train
M-130,NA,NA,105.1883667,-6.36636982,background,train
M-149,NA,NA,68.98338887,-20.18443263,background,test
M-150,NA,NA,80.20286035,0.556404799,background,train
M-156,NA,NA,71.28841579,-17.40939757,background,train
M-111,NA,NA,56.63080065,10.33154131,background,train
M-129,NA,NA,68.54814917,2.543389092,background,train
M-130,NA,NA,106.3470547,-22.00070949,background,train
M-149,NA,NA,100.5272615,-5.901957653,background,train
M-150,NA,NA,80.19077107,-32.25011877,background,test
M-156,NA,NA,107.7289438,-31.53536633,background,train
M-111,NA,NA,97.35295377,2.711932003,background,train
M-129,NA,NA,94.26148378,-7.51712021,background,train
M-130,NA,NA,98.61884298,1.47717805,background,train
M-149,NA,NA,63.55776551,15.8177735,background,train
M-150,NA,NA,39.45995327,-19.94267249,background,test
M-156,NA,NA,78.51593939,-4.366577325,background,train
M-111,NA,NA,44.37283948,-5.616505117,background,train
M-129,NA,NA,93.70501873,6.104155792,background,test
M-130,NA,NA,80.28512358,-8.952001116,background,test
M-149,NA,NA,48.38944481,-27.25202829,background,train
M-150,NA,NA,87.34143622,-11.11962675,background,test
M-156,NA,NA,67.17323483,-5.605531006,background,train
M-111,NA,NA,89.88137027,-3.907552901,background,train
M-129,NA,NA,59.29902601,-31.76230577,background,train
M-130,NA,NA,107.1083505,0.343193964,background,train
M-149,NA,NA,56.2414372,-4.658349421,background,train
M-150,NA,NA,45.02323297,-26.27365877,background,test
M-156,NA,NA,74.37285696,2.51020154,background,train
M-111,NA,NA,35.03760221,26.74486864,background,train
M-129,NA,NA,96.50455041,-7.105076061,background,train
M-130,NA,NA,83.2747563,7.763753185,background,train
M-149,NA,NA,32.02734363,-31.65897377,background,train
M-150,NA,NA,57.00758779,-23.23528341,background,train
M-156,NA,NA,60.55027627,11.24640142,background,train
M-111,NA,NA,69.15528367,-8.490045138,background,train
M-129,NA,NA,90.70437258,2.590401951,background,train
M-130,NA,NA,67.72908538,-10.66764183,background,train
M-149,NA,NA,77.49318103,-12.06739801,background,train
M-150,NA,NA,68.23897483,4.141287529,background,train
M-156,NA,NA,82.5762311,-20.93688227,background,train
M-111,NA,NA,77.03795767,-27.14050424,background,train
M-129,NA,NA,64.1008123,-15.09372767,background,train
M-130,NA,NA,32.98440016,-25.59267706,background,train
M-149,NA,NA,54.52386497,-5.144095737,background,train
M-150,NA,NA,86.80497231,-9.219990478,background,test
M-156,NA,NA,101.5426674,-20.59315943,background,train
M-111,NA,NA,76.67830225,-3.990793142,background,train
M-129,NA,NA,67.05308817,-17.96498918,background,test
M-130,NA,NA,66.67921537,-20.60596095,background,train
M-149,NA,NA,78.91592991,-25.50573722,background,train
M-150,NA,NA,66.55984917,22.38876945,background,train
M-156,NA,NA,74.39454723,10.84153812,background,train
M-111,NA,NA,45.53368452,-6.302971984,background,train
M-129,NA,NA,96.17432925,-11.86376516,background,train
M-130,NA,NA,74.27037863,-1.667159165,background,test
M-149,NA,NA,65.39416202,-8.580058338,background,test
M-150,NA,NA,105.5806784,-24.75579257,background,train
M-156,NA,NA,41.87803982,-5.575118526,background,test
M-111,NA,NA,71.36516777,14.98422728,background,train
M-129,NA,NA,70.95396634,-21.63303676,background,train
M-130,NA,NA,85.57248069,6.890052626,background,train
M-149,NA,NA,60.12584191,11.73200046,background,train
M-150,NA,NA,95.82752981,-27.92484157,background,train
M-156,NA,NA,63.72850266,-4.772071445,background,train
M-111,NA,NA,85.16217427,-14.69798799,background,train
M-129,NA,NA,58.72729053,-20.71267501,background,train
M-130,NA,NA,35.41838369,26.50066449,background,train
M-149,NA,NA,89.95885899,-25.94872607,background,test
M-150,NA,NA,103.89627,6.170069104,background,train
M-156,NA,NA,61.92760146,-23.37571553,background,train
M-111,NA,NA,95.76530224,-8.54822843,background,train
M-129,NA,NA,87.86066023,-6.833148052,background,test
M-130,NA,NA,85.08095739,-2.081662808,background,train
M-149,NA,NA,75.70315027,-21.28164432,background,train
M-150,NA,NA,104.3475763,-23.89400426,background,train
M-156,NA,NA,56.24774112,-1.847105688,background,train
M-111,NA,NA,59.24466328,10.10353344,background,train
M-129,NA,NA,35.47215115,-29.40629781,background,train
M-130,NA,NA,108.0470855,-11.4147489,background,train
M-149,NA,NA,83.55576105,-16.6480303,background,train
M-150,NA,NA,80.70610147,-0.429563294,background,train
M-156,NA,NA,92.95473139,18.49090576,background,train
M-111,NA,NA,78.88313462,-30.56281649,background,train
M-129,NA,NA,60.29296129,16.45768037,background,test
M-130,NA,NA,87.4542079,-13.8585133,background,train
M-149,NA,NA,66.50996391,-11.58467791,background,train
M-150,NA,NA,107.4541698,3.827426214,background,train
M-156,NA,NA,64.92239434,15.23592671,background,train
M-111,NA,NA,59.53779456,-10.94830597,background,train
M-129,NA,NA,82.15597502,-11.58799504,background,train
M-130,NA,NA,63.96306182,-10.42805549,background,train
M-149,NA,NA,97.33265459,-18.25334578,background,train
M-150,NA,NA,51.67045525,12.41195122,background,train
M-156,NA,NA,105.631263,-12.29065296,background,train
M-111,NA,NA,93.39619246,-21.70170834,background,test
M-129,NA,NA,65.1756339,-30.21832169,background,test
M-130,NA,NA,100.5415407,-7.289960095,background,train
M-149,NA,NA,87.68320833,-5.493405788,background,train
M-150,NA,NA,101.4209881,-9.567445172,background,train
M-156,NA,NA,50.81425539,-28.4379759,background,train
M-111,NA,NA,67.44059431,4.055320161,background,test
M-129,NA,NA,37.25709998,-25.48874591,background,train
M-130,NA,NA,72.89617251,12.32931196,background,test
M-149,NA,NA,90.52008737,-0.628320334,background,train
M-150,NA,NA,107.3999627,-30.11768376,background,train
M-156,NA,NA,100.0524546,-21.15572653,background,train
M-111,NA,NA,44.58056047,1.304019299,background,train
M-129,NA,NA,36.46254109,-25.37453829,background,train
M-130,NA,NA,36.91481074,-21.01126965,background,train
M-149,NA,NA,95.01022557,0.684717901,background,train
M-150,NA,NA,100.654241,9.219732383,background,train
M-156,NA,NA,64.70428709,-13.25536903,background,train
M-111,NA,NA,90.19307803,-21.10952037,background,train
M-129,NA,NA,58.97059652,1.34002153,background,train
M-130,NA,NA,79.93897682,-21.73269436,background,train
M-149,NA,NA,61.6529558,14.02193423,background,train
M-150,NA,NA,85.03651167,-3.707023897,background,train
M-156,NA,NA,55.62419059,5.684401956,background,train
M-111,NA,NA,80.95617731,-11.52881719,background,test
M-129,NA,NA,58.39333617,-4.880683619,background,train
M-130,NA,NA,60.03305858,24.87845314,background,train
M-149,NA,NA,56.96684024,-11.84191551,background,train
M-150,NA,NA,54.53290564,-28.48528375,background,test
M-156,NA,NA,83.61836448,16.991576,background,train
M-111,NA,NA,106.7180161,17.74099656,background,train
M-129,NA,NA,48.60640552,-31.38785673,background,train
M-130,NA,NA,58.35975242,-11.73093954,background,train
M-149,NA,NA,86.50257431,-3.648075377,background,train
M-150,NA,NA,89.28309534,-26.46491558,background,train
M-156,NA,NA,87.74266466,-5.319363156,background,train
M-111,NA,NA,65.17969777,-21.78563538,background,test
M-129,NA,NA,98.14902155,-16.05742006,background,train
M-130,NA,NA,80.83975913,-7.966639357,background,train
M-149,NA,NA,70.58604069,-31.44412423,background,train
M-150,NA,NA,94.90887499,7.879927261,background,train
M-156,NA,NA,72.7973745,17.36011484,background,train
M-111,NA,NA,105.3595209,-31.75661151,background,train
M-129,NA,NA,52.04183889,-23.40918778,background,train
M-130,NA,NA,107.5849863,-4.885290159,background,train
M-149,NA,NA,92.82165925,-5.172213886,background,train
M-150,NA,NA,102.9954522,-17.92877064,background,train
M-156,NA,NA,68.74279971,-30.28980917,background,train
M-111,NA,NA,75.33936427,-18.93991126,background,test
M-129,NA,NA,95.02475077,-8.700553983,background,train
M-130,NA,NA,96.89409242,-6.242268037,background,train
M-149,NA,NA,61.36875818,16.82658992,background,train
M-150,NA,NA,85.87175586,-8.021961764,background,train
M-156,NA,NA,50.90054023,14.74603591,background,train
M-111,NA,NA,60.43334819,13.4809548,background,train
M-129,NA,NA,66.57219226,-25.75686094,background,train
M-130,NA,NA,100.7145171,-17.34617517,background,train
M-149,NA,NA,60.5323785,-3.74166108,background,train
M-150,NA,NA,51.91685585,27.62746201,background,train
M-156,NA,NA,99.79535183,4.335729741,background,train
M-111,NA,NA,59.83410479,21.52860228,background,train
M-129,NA,NA,70.63682626,-16.09752598,background,train
M-130,NA,NA,63.5296894,21.66706626,background,train
M-149,NA,NA,54.54894881,-7.234913055,background,test
M-150,NA,NA,84.10318801,7.646248485,background,train
M-156,NA,NA,69.746428,-9.201819349,background,train
M-111,NA,NA,96.85960156,-14.55490372,background,train
M-129,NA,NA,104.6114635,-17.78656712,background,test
M-130,NA,NA,105.3946835,-7.360040605,background,train
M-149,NA,NA,57.13309075,4.988916931,background,train
M-150,NA,NA,68.35724572,20.06754523,background,train
M-156,NA,NA,72.79750441,-15.71968025,background,train
M-111,NA,NA,72.7785194,-19.08729235,background,train
M-129,NA,NA,65.57175836,1.368331381,background,train
M-130,NA,NA,78.74053585,-20.9279571,background,train
M-149,NA,NA,68.81623276,-15.88333951,background,train
M-150,NA,NA,99.08305038,-0.300905464,background,train
M-156,NA,NA,79.91529726,-30.54013764,background,train
M-111,NA,NA,79.86619962,-13.4723872,background,train
M-129,NA,NA,102.2059718,-29.39309565,background,train
M-130,NA,NA,42.62189883,-25.36905386,background,train
M-149,NA,NA,90.92690926,7.5800544500000004,background,train
M-150,NA,NA,99.40319892,-11.29956929,background,train
M-156,NA,NA,88.74186671,-2.498553326,background,test
M-111,NA,NA,67.63439095,-14.95810595,background,train
M-129,NA,NA,38.90270939,19.3631621,background,test
M-130,NA,NA,107.8460908,4.346696386,background,train
M-149,NA,NA,64.17766209,13.2478757,background,train
M-150,NA,NA,64.47462085,-22.24440279,background,train
M-156,NA,NA,105.5186619,1.366363141,background,train
M-111,NA,NA,68.90772673,14.46994329,background,train
M-129,NA,NA,42.95777394,-17.30404238,background,train
M-130,NA,NA,61.38011519,-20.69167178,background,test
M-149,NA,NA,67.84613924,-25.94800356,background,train
M-150,NA,NA,53.88091214,-3.636750796,background,test
M-156,NA,NA,80.5118468,-1.196261027,background,train
M-111,NA,NA,91.68059786,9.4472329,background,test
M-129,NA,NA,80.5748373,-2.217527566,background,train
M-130,NA,NA,60.65056528,-26.8845973,background,train
M-149,NA,NA,61.90863175,-1.089627395,background,train
M-150,NA,NA,81.78445495,-20.95016815,background,train
M-156,NA,NA,99.22907561,-17.10489857,background,train
M-111,NA,NA,60.65176846,5.341096529,background,train
M-129,NA,NA,96.15626688,-6.380938619,background,test
M-130,NA,NA,53.32170304,6.999959321,background,test
M-149,NA,NA,97.46767745,-2.922819383,background,train
M-150,NA,NA,101.2685745,-10.71557315,background,train
M-156,NA,NA,48.97167836,13.73872847,background,train
M-111,NA,NA,92.7221971,17.33000613,background,train
M-129,NA,NA,46.5555251,-7.125348943,background,train
M-130,NA,NA,97.35862422,10.2021029,background,train
M-149,NA,NA,72.09902324,-3.883526803,background,train
M-150,NA,NA,74.60200676,5.412279296,background,train
M-156,NA,NA,84.17593393,-7.161339899,background,test
M-111,NA,NA,53.16466207,-27.50759075,background,train
M-129,NA,NA,46.18817178,0.286566686,background,train
M-130,NA,NA,35.13707337,-29.84818494,background,train
M-149,NA,NA,49.66433967,-1.20963227,background,train
M-150,NA,NA,100.3955205,-16.1699436,background,train
M-156,NA,NA,66.6563953,19.25225141,background,train
M-111,NA,NA,86.4016377,-20.58707906,background,train
M-129,NA,NA,92.01540373,14.45736123,background,train
M-130,NA,NA,83.86500776,3.039909883,background,test
M-149,NA,NA,85.29419173,-24.43526421,background,train
M-150,NA,NA,87.05752775,-3.491388672,background,test
M-156,NA,NA,58.40679537,-14.38461285,background,test
M-111,NA,NA,80.09501531,11.84525493,background,train
M-129,NA,NA,84.16049391,7.46216154,background,train
M-130,NA,NA,103.3880494,-13.80060233,background,train
M-149,NA,NA,66.20121245,-22.82487602,background,train
M-150,NA,NA,59.96211934,4.294125882,background,train
M-156,NA,NA,68.09136988,-12.83466257,background,train
M-111,NA,NA,59.51968452,15.42654585,background,train
M-129,NA,NA,69.53636455,-13.25226113,background,train
M-130,NA,NA,88.83332395,8.185380271,background,test
M-149,NA,NA,66.29502522,-8.262635055,background,test
M-150,NA,NA,59.31400871,-8.851994428,background,train
M-156,NA,NA,74.51511283,9.286530677,background,train
M-111,NA,NA,53.69480946,-6.661973146,background,train
M-129,NA,NA,46.25473318,-6.218718173,background,train
M-130,NA,NA,104.1347781,-10.40881487,background,train
M-149,NA,NA,34.5808607,-27.84182909,background,train
M-150,NA,NA,58.61685741,-26.91005098,background,train
M-156,NA,NA,68.81297505,-9.925424061,background,train
M-111,NA,NA,77.51006972,-29.30485401,background,train
M-129,NA,NA,54.39085808,-5.239147968,background,train
M-130,NA,NA,84.06733482,2.433174417,background,train
M-149,NA,NA,79.29560534,-31.31698015,background,train
M-150,NA,NA,108.2969103,-25.12933271,background,test
M-156,NA,NA,106.4704292,-9.028906013,background,train
M-111,NA,NA,59.91604655,-0.402865065,background,train
M-129,NA,NA,100.2249795,-30.43257572,background,train
M-130,NA,NA,72.59671736,18.19052898,background,train
M-149,NA,NA,71.71284058,-20.86200808,background,train
M-150,NA,NA,45.78103129,1.095117516,background,train
M-156,NA,NA,69.37430541,-1.339622563,background,train
M-111,NA,NA,43.02837775,-0.262315458,background,train
M-129,NA,NA,87.31619534,3.714216254,background,train
M-130,NA,NA,58.07930949,12.10204156,background,train
M-149,NA,NA,41.66403652,-17.00384287,background,train
M-150,NA,NA,68.80983886,-6.720627997,background,test
M-156,NA,NA,75.47696922,2.058664904,background,train
M-111,NA,NA,40.00128423,-9.768672177,background,test
M-129,NA,NA,94.63064542,-1.035858959,background,train
M-130,NA,NA,99.71076196,9.837950133,background,train
M-149,NA,NA,62.94136067,-10.04029225,background,train
M-150,NA,NA,66.26834213,-27.7895396,background,test
M-156,NA,NA,75.97825959,-30.89090141,background,train
M-111,NA,NA,91.25226497,-19.32681438,background,train
M-129,NA,NA,45.33100556,1.346221799,background,train
M-130,NA,NA,102.7073849,-15.81305521,background,train
M-149,NA,NA,105.8315751,-24.62218903,background,train
M-150,NA,NA,72.01461973,1.187329246,background,test
M-156,NA,NA,57.18890846,8.581575553,background,train
M-111,NA,NA,87.61973366,10.45146733,background,train
M-129,NA,NA,105.6049177,-26.93185624,background,train
M-130,NA,NA,58.2582815,5.983783821,background,train
M-149,NA,NA,78.09520268,-29.85449844,background,test
M-150,NA,NA,51.05163245,28.45754918,background,train
M-156,NA,NA,42.33337213,-29.31405744,background,train
M-111,NA,NA,93.39709828,16.70811712,background,train
M-129,NA,NA,55.68519227,2.62254951,background,test
M-130,NA,NA,59.91678242,-1.375451018,background,train
M-149,NA,NA,72.313599,18.67770762,background,train
M-150,NA,NA,92.03009471,14.21758005,background,train
M-156,NA,NA,67.42216861,-25.97151457,background,train
M-111,NA,NA,96.88479999,-8.387810638,background,train
M-129,NA,NA,84.16765176,-1.711212326,background,train
M-130,NA,NA,66.81892457,1.31145402,background,train
M-149,NA,NA,83.26721297,-3.43663511,background,train
M-150,NA,NA,52.84727577,-20.73899318,background,train
M-156,NA,NA,85.4222408,-18.96365559,background,train
M-111,NA,NA,94.65236474,-30.27286715,background,train
M-129,NA,NA,58.59036541,4.436839374,background,train
M-130,NA,NA,66.07729038,-9.471262639,background,train
M-149,NA,NA,90.47662542,-1.518005631,background,train
M-150,NA,NA,37.65397502,-17.62920898,background,train
M-156,NA,NA,77.614774980000007,-26.31477417,background,train
M-111,NA,NA,58.44954042,0.902808486,background,train
M-129,NA,NA,100.7749686,-13.99341969,background,train
M-130,NA,NA,33.18694383,28.59099884,background,train
M-149,NA,NA,98.07439983,5.94785755,background,train
M-150,NA,NA,54.68849886,1.11366286,background,train
M-156,NA,NA,100.2769115,-15.38574502,background,train
M-111,NA,NA,85.85379874,-20.79475781,background,train
M-129,NA,NA,99.45094959,-25.28249623,background,train
M-130,NA,NA,78.85847812,-11.37516435,background,train
M-149,NA,NA,42.76204734,-11.21036433,background,train
M-150,NA,NA,94.25291524,15.62437676,background,train
M-156,NA,NA,87.52388981,-4.158734274,background,train
M-111,NA,NA,40.94632586,-2.318437798,background,train
M-129,NA,NA,89.70920882,-21.26000006,background,train
M-130,NA,NA,76.71215793,6.166840577,background,train
M-149,NA,NA,59.90083486,18.19990606,background,train
M-150,NA,NA,62.77868218,-4.482321182,background,train
M-156,NA,NA,83.47047517,-29.18094719,background,test
M-111,NA,NA,38.76812963,-21.22602015,background,test
M-129,NA,NA,77.03628767,-9.592791791,background,train
M-130,NA,NA,88.26067528,1.399271267,background,train
M-149,NA,NA,85.72633535,2.310362547,background,test
M-150,NA,NA,81.52491769,9.241975356,background,train
M-156,NA,NA,40.85810378,-5.498033815,background,train
M-111,NA,NA,106.8016489,-1.403499514,background,test
M-129,NA,NA,66.2259576,-9.117176677,background,train
M-130,NA,NA,65.22856746,15.85659672,background,train
M-149,NA,NA,69.73503289,-17.199222550000002,background,test
M-150,NA,NA,69.21142253,5.81714855,background,train
M-156,NA,NA,56.1446552,-19.1072157,background,train
M-111,NA,NA,65.90536105,5.014122476,background,train
M-129,NA,NA,69.17011765,-6.936427564,background,train
M-130,NA,NA,82.48855807,-2.606547823,background,test
M-149,NA,NA,76.47047816,3.670377655,background,train
M-150,NA,NA,48.31262904,0.331551034,background,train
M-156,NA,NA,89.03727646,7.613669853,background,train
M-111,NA,NA,40.08906225,-4.69830238,background,train
M-129,NA,NA,92.85423637,-17.90111075,background,train
M-130,NA,NA,55.04553767,11.87735405,background,train
M-149,NA,NA,80.93313235,-0.097594018,background,train
M-150,NA,NA,74.92297624,-24.2629046,background,train
M-156,NA,NA,106.9602921,-3.235484706,background,train
M-111,NA,NA,63.85720689,-10.88190442,background,train
M-129,NA,NA,66.21666977,-23.37006053,background,train
M-130,NA,NA,44.06195458,-5.41601894,background,test
M-149,NA,NA,86.47760064,-15.99609281,background,train
M-150,NA,NA,94.3346212,-4.26228784,background,test
M-156,NA,NA,101.2460937,-14.52048491,background,train
M-111,NA,NA,91.78306878,-21.00370944,background,train
M-129,NA,NA,56.55372345,-18.01410304,background,train
M-130,NA,NA,53.18930617,-23.93910569,background,train
M-149,NA,NA,57.96475853,15.41725876,background,test
M-150,NA,NA,100.1239786,-24.92698916,background,train
M-156,NA,NA,57.73184196,-5.209998768,background,train
M-111,NA,NA,88.7824647,-19.32724546,background,train
M-129,NA,NA,92.28410631,-32.43078008,background,train
M-130,NA,NA,64.40195277,15.19103557,background,test
M-149,NA,NA,84.17904583,-18.52812898,background,train
M-150,NA,NA,85.97218666,-27.83875715,background,train
M-156,NA,NA,67.5685951,-28.19141262,background,train
M-111,NA,NA,80.15664156,12.13177914,background,train
M-129,NA,NA,63.11620336,-13.42287007,background,train
M-130,NA,NA,85.30793366,-16.3067676,background,train
M-149,NA,NA,84.12846273,-18.67396899,background,train
M-150,NA,NA,44.79652051,-15.8624475,background,train
M-156,NA,NA,52.8654095,-32.46312556,background,train
M-111,NA,NA,56.9095607,-12.55643577,background,train
M-129,NA,NA,38.33434573,-30.75390295,background,train
M-130,NA,NA,46.96403719,-30.32293194,background,test
M-149,NA,NA,104.7436192,7.466215433,background,train
M-150,NA,NA,93.49662528,3.587560031,background,train
M-156,NA,NA,74.09332284,0.33501631,background,train
M-111,NA,NA,58.26716007,13.84662643,background,train
M-129,NA,NA,90.13679672,8.79903471,background,test
M-130,NA,NA,40.43924585,-29.37364348,background,train
M-149,NA,NA,56.30254389,-4.590795401,background,test
M-150,NA,NA,73.62106337,-1.210844177,background,test
M-156,NA,NA,37.32993926,-22.58124466,background,test
M-111,NA,NA,85.3685311,15.92817839,background,train
M-129,NA,NA,85.5337544,19.23339632,background,test
M-130,NA,NA,82.19150141,11.72816962,background,train
M-149,NA,NA,54.44642564,-30.46242212,background,train
M-150,NA,NA,83.97471458,15.74073027,background,test
M-156,NA,NA,88.94764318,-12.13981834,background,train
M-111,NA,NA,54.53228968,3.672417617,background,train
M-129,NA,NA,37.90930245,-27.49576384,background,train
M-130,NA,NA,51.34204,-26.71925131,background,train
M-149,NA,NA,90.81385462,-20.23428389,background,train
M-150,NA,NA,95.17994853,-7.537810547,background,train
M-156,NA,NA,60.55758862,-5.944908227,background,test
M-111,NA,NA,78.05922854,-25.40134812,background,train
M-129,NA,NA,98.44938416,-21.47176161,background,test
M-130,NA,NA,95.58208145,14.16790603,background,train
M-149,NA,NA,70.58237004,11.15693807,background,train
M-150,NA,NA,47.00766298,13.00788082,background,train
M-156,NA,NA,50.97877353,-6.598800058,background,train
M-111,NA,NA,57.13265274,13.06375527,background,train
M-129,NA,NA,44.73153987,-26.99195097,background,train
M-130,NA,NA,89.2450401,-8.78856148,background,train
M-149,NA,NA,75.69849858,-1.832157062,background,test
M-150,NA,NA,64.78964038,-9.077485715,background,train
M-156,NA,NA,74.6905931,-2.627317761,background,train
M-111,NA,NA,98.21979782,-14.24141376,background,train
M-129,NA,NA,67.75942523,5.82674063,background,train
M-130,NA,NA,35.39507394,26.47621474,background,train
M-149,NA,NA,48.40848525,-32.44775801,background,train
M-150,NA,NA,36.77484018,23.80616671,background,train
M-156,NA,NA,70.73116853,17.92222637,background,test
M-111,NA,NA,94.817344,-21.40100032,background,train
M-129,NA,NA,49.48673998,-19.6189525,background,train
M-130,NA,NA,107.9061854,-32.2782944,background,train
M-149,NA,NA,82.89949983,-29.75190213,background,train
M-150,NA,NA,90.95046845,-6.995578622,background,train
M-156,NA,NA,85.31511511,-1.133856346,background,train
M-111,NA,NA,82.99358172,7.754695211,background,train
M-129,NA,NA,69.59627876,-27.24824823,background,train
M-130,NA,NA,82.46755542,-29.63413165,background,test
M-149,NA,NA,92.27966642,-23.70593815,background,test
M-150,NA,NA,100.8022019,-28.06812593,background,test
M-156,NA,NA,86.95608056,-19.07570543,background,test
M-111,NA,NA,52.79586122,-31.44385646,background,train
M-129,NA,NA,56.64254326,12.5997403,background,test
M-130,NA,NA,83.89413855,-9.544683663,background,train
M-149,NA,NA,39.11586654,-32.46310889,background,train
M-150,NA,NA,76.99698593,-7.490623078,background,train
M-156,NA,NA,49.82664812,-10.84049958,background,train
M-111,NA,NA,79.97025901,9.992939302,background,train
M-129,NA,NA,38.99618254,-5.989218261,background,test
M-130,NA,NA,78.86862882,2.520297756,background,test
M-149,NA,NA,72.58026366,-8.436203851,background,test
M-150,NA,NA,45.13374625,-28.32767808,background,test
M-156,NA,NA,83.41785081,3.737731447,background,train
M-111,NA,NA,52.15847502,0.535382174,background,train
M-129,NA,NA,46.08293324,-15.183043229999999,background,test
M-130,NA,NA,94.30097006,6.941208819,background,test
M-149,NA,NA,50.99591348,4.817087796,background,train
M-150,NA,NA,43.95678576,-10.69996895,background,train
M-156,NA,NA,58.48261664,-21.84814993,background,test
M-111,NA,NA,58.889782339999996,0.07422133,background,test
M-129,NA,NA,43.42921238,-15.14413224,background,train
M-130,NA,NA,82.27674504,8.037843398,background,test
M-149,NA,NA,43.86077667,-30.51076225,background,train
M-150,NA,NA,73.60826757,-5.714204773,background,train
M-156,NA,NA,41.86255846,-10.92719868,background,test
M-111,NA,NA,81.42932735,5.121693957,background,train
M-129,NA,NA,64.26974057,17.66135706,background,train
M-130,NA,NA,38.49948453,-29.66803509,background,train
M-149,NA,NA,47.90638021,-2.111034871,background,test
M-150,NA,NA,64.08578729,-19.29763256,background,train
M-156,NA,NA,49.34530672,5.05635228,background,train
M-111,NA,NA,64.97349429,7.51188208,background,train
M-129,NA,NA,52.70065579,-3.264823214,background,train
M-130,NA,NA,51.98155806,-28.83618517,background,train
M-149,NA,NA,64.1877768,10.26471562,background,train
M-150,NA,NA,71.20287051,-22.60348843,background,test
M-156,NA,NA,68.6132569,11.73670309,background,test
M-111,NA,NA,105.9921468,-28.33104272,background,train
M-129,NA,NA,84.44569787,-17.70998018,background,test
M-130,NA,NA,75.70478,-16.6026,background,test
M-149,NA,NA,47.00203,-9.72444,background,test
M-150,NA,NA,63.7789,19.72277,background,train
M-156,NA,NA,88.41564,18.27616,background,train
