id,date,lon,lat,x,y,x.se,y.se,logit_g,logit_g.se,g
M-111,2018-04-15T22:00:00Z,73.34873928139012,2.3939565204287017,8165.144307132932,264.7880941286467,0.39106802068846486,0.46667407979474823,3.5510462004582557,13.510013963950025,0.9974168674037512
M-111,2018-04-16T22:00:00Z,73.36815114323147,2.354311522433049,8167.305225708459,260.4005606233093,11.24045743805487,14.948022843141029,3.551046200090951,12.068483191631032,0.9974168673908249
M-111,2018-04-17T22:00:00Z,73.37942753272704,2.3274221350378017,8168.560507645093,257.424769602593,14.745076473174823,19.604484167331574,3.5332540305417393,10.578061293268592,0.9967854175088963
M-111,2018-04-18T22:00:00Z,73.37041056691935,2.3341778319847073,8167.556743602881,258.1724027054543,11.62166978107348,15.444140974227526,3.550310214021819,8.419473841860583,0.9973909567207127
M-111,2018-04-19T22:00:00Z,73.32904172611931,2.3952582091008576,8162.951585310313,264.93215489161594,2.532343043755553,3.3548057609182202,3.6271163021437367,5.057736113287969,1
M-111,2018-04-20T22:00:00Z,73.20697355321936,2.5927296950549943,8149.363018461026,286.788411723965,0.3012544624324356,0.3268904680657877,3.444800078627277,2.394629024331302,0.9934841685638068
M-111,2018-04-21T22:00:00Z,73.15917499403578,3.0110200038573676,8144.042107192057,333.09676401648215,4.3350655257731825,6.850782249408281,-0.6315730811667913,0.781127431192578,0.1863112433532402
M-111,2018-04-22T22:00:00Z,72.99036198206245,3.103195709808786,8125.249928659907,343.303746956796,2.8959583042571517,3.207234806558812,0.7709851295939147,2.2977617089122147,0.6231480021960847
M-111,2018-04-23T22:00:00Z,72.95274982018474,3.214346772367085,8121.062961952045,355.61314899660704,7.862966440119344,5.979763051706146,1.981812322195051,3.8086699560680968,0.8764144899775843
M-111,2018-04-24T22:00:00Z,72.91286799604013,3.441412693431867,8116.623337596361,380.7637937800909,8.887064081024944,14.743254865016269,2.3670088056180405,3.182258208267713,0.9223622849998104
M-111,2018-04-25T22:00:00Z,72.89489373910997,3.660361498135761,8114.622452467508,405.02110561729876,1.473987075690055,3.927322906643786,1.0222763935770227,4.512078815400868,0.6902242274899724
M-111,2018-04-26T22:00:00Z,72.97990091008596,3.6834938991802364,8124.085407454331,407.58428627386644,13.377575443032624,12.96081419625632,0.8303511473196973,18.129534543756304,0.6396247265857249
M-111,2018-04-27T22:00:00Z,73.07779238824139,3.633560464075924,8134.982636955597,402.05150673661035,12.609178916916955,12.006305926139365,2.3388062060822046,11.590428326689178,0.9194597909244497
M-111,2018-04-28T22:00:00Z,73.12555309982595,3.48810447657044,8140.299335049112,385.93628476001516,0.850216384735276,0.7498779668070898,3.2484673662297734,10.34632099151857,0.985102935456213
M-111,2018-04-29T22:00:00Z,72.80028355182142,3.424097318274924,8104.090494594691,378.84567117808206,5.227426156370334,51.167300677083475,2.480040443523716,29.479058284054467,0.9333344233368037
M-111,2018-04-30T22:00:00Z,72.72443829396433,3.4844154358288413,8095.647439110954,385.5276053555239,1576.13090769572,294.96075219467735,-1.3254619595109547,910.0895259226932,0.008187907371439228
M-111,2018-05-01T22:00:00Z,72.83871692478422,3.46226437353444,8108.3688781023775,383.07369989608713,26.263871253166,8.221504544038961,-1.3639302942201126,1301.9272383574732,0
M-129,2017-12-08T21:00:00Z,73.3556958697782,2.401789807354696,8165.91871100995,265.6550234057821,0.6269292568059569,0.7418753445272888,-0.9734418793996612,0.8520782241331863,0.9690400939262365
M-129,2017-12-09T21:00:00Z,73.21486230778058,2.2136476744735396,8150.241190601772,244.8342219049857,7.1224897331380195,8.863394501182931,-0.9736236085168682,0.85201086848913,0.8266538210337103
M-129,2017-12-10T21:00:00Z,73.22059468225233,1.7173647224363002,8150.879315609004,189.92518210523352,7.793320668254819,12.177068728966203,-0.9734646312275703,0.8531608152820443,0.9512132077986413
M-129,2017-12-11T21:00:00Z,73.54256337919013,1.92924019508065,8186.720707003494,213.36519899864047,0.623426913135391,0.6955058556961913,-0.9734023669157283,0.8563684259628329,1
M-129,2017-12-12T21:00:00Z,73.55655414019446,1.8818206372337583,8188.278151394306,208.11887560820986,0.9758836608606767,1.4411180886189061,-0.9746789704747825,0.8581629816619302,0
M-130,2017-03-28T20:00:00Z,73.34894494370523,2.3948831303635174,8165.167201357125,264.89064408434916,0.34772968330984083,0.30135852658998685,1.1608605160887808,5.224954179732205,0.6711750450540888
M-130,2017-03-29T20:00:00Z,73.35891397849437,2.395803549367238,8166.276949233553,264.9925089457027,3.6086295477660237,2.834688951920652,1.1608605160887808,4.998308164603516,0.6711750450540888
M-130,2017-03-30T20:00:00Z,73.3637829699937,2.397648987984484,8166.8189628879345,265.19674803738,3.4470335122997677,2.6322176195687534,1.1600229399489426,4.876885083066076,0.6709594535085547
M-130,2017-03-31T20:00:00Z,73.36253000763554,2.3942219828850577,8166.679483756241,264.8174734342874,9.010267273129163,6.910239376882737,1.1601674720224315,4.756005459356181,0.670996662708759
M-130,2017-04-01T20:00:00Z,73.36055236061989,2.384715852919454,8166.45933309749,263.7654130088065,12.45537156350737,9.819851309831883,1.1606733787676946,4.501876432199416,0.6711268842216043
M-130,2017-04-02T20:00:00Z,73.35784126645538,2.377687528360415,8166.157535475605,262.98758048268536,12.364189129365467,9.893995907846335,1.158208480495906,4.238174171610883,0.6704920890963443
M-130,2017-04-03T20:00:00Z,73.35414727871611,2.379036098786503,8165.746322641471,263.1368279657961,8.352389328356793,6.72877407025824,1.155746800776086,3.964163141631583,0.6698573071339997
M-130,2017-04-04T20:00:00Z,73.34912141351171,2.395592126325904,8165.186845886124,264.9691102714532,0.2798189600348124,0.25325767077026196,1.157520041238061,3.6757002959029874,0.6703146465449715
M-130,2017-04-05T20:00:00Z,73.33206236364751,2.424883433316386,8163.287841141821,268.2108816046351,3.74784542077405,3.0194824377076417,1.1045290983454943,3.629489500471923,0.6564657712737652
M-130,2017-04-06T20:00:00Z,73.29876510731845,2.3831289046282538,8159.581207522459,263.5897833180522,7.650686830344537,5.796335777598423,1.2210845883351933,3.318747880447355,0.6864284673912487
M-130,2017-04-07T20:00:00Z,73.27449552876911,2.3423822935340937,8156.879530396579,259.08037122131844,9.107202935745597,6.589812944271159,1.2520950219516096,3.2548702509430636,0.6940910092459532
M-130,2017-04-08T20:00:00Z,73.26318852166506,2.3193888069795143,8155.620840123359,256.53574954873505,9.75454703101694,6.983283944105816,1.2955644786278084,3.292850778587431,0.7046118546775421
M-130,2017-04-09T20:00:00Z,73.25449735152417,2.309607633662335,8154.653343488879,255.45330853613135,10.561120417099817,7.393963959442412,1.33470789594033,3.3272452628889155,0.71386531829481
M-130,2017-04-10T20:00:00Z,73.2443053928675,2.3185075466499083,8153.5187798410325,256.4382238911465,13.750355990920383,10.261415153652868,1.4139476791741783,3.3526022735843743,0.7319585264983107
M-130,2017-04-11T20:00:00Z,73.23389844777375,2.333580954929843,8152.360284012481,258.10634793157845,15.626030303062416,12.002924052661546,1.4929977024010268,3.3456911306775425,0.7491596455847727
M-130,2017-04-12T20:00:00Z,73.22406188070215,2.3513857803263654,8151.265282374919,260.0767721896852,14.309113609276512,11.130698614783897,1.565780866464055,3.3191555268183777,0.7642546577218735
M-130,2017-04-13T20:00:00Z,73.21564381998907,2.3686031497459874,8150.32818814287,261.9822081052248,9.38532104946437,7.349012871591393,1.6320896714116866,3.2757740422996293,0.7773955841119176
M-130,2017-04-14T20:00:00Z,73.20957124783918,2.381887189134442,8149.652192503339,263.45236114598293,0.48727723357691316,0.37855138622677087,1.6953924103722984,3.208552691711827,0.7894056804482954
M-130,2017-04-15T20:00:00Z,73.21432806251204,2.372537849202443,8150.181718690519,262.4176622897939,0.3833202816953795,0.2757476389336342,1.76105567272961,3.106601753505836,0.8013215963630952
M-130,2017-04-16T20:00:00Z,73.1947239805147,2.372476058053138,8147.999402265105,262.41082383796487,5.346914959239259,3.8979662289397026,1.825269452513644,3.052789347580397,0.8124519309945838
M-130,2017-04-17T20:00:00Z,73.14620717245124,2.4065480890410957,8142.598535896568,266.18163669081645,0.6236713108286486,0.5028802186774577,1.850994210253672,3.045693487136021,0.8167686320464173
M-130,2017-04-18T20:00:00Z,73.20946867026584,2.406497545849735,8149.640773620109,266.1760429146737,6.388642037878581,5.032742624466798,1.9151261516464815,3.0391616681391076,0.8271830971366166
M-130,2017-04-19T20:00:00Z,73.28788665856582,2.3985138395259544,8158.370224146695,265.29246331550263,6.481304213306898,5.1092915601403,1.9470855397142344,3.1052329347043037,0.8321912167046388
M-130,2017-04-20T20:00:00Z,73.35136428282036,2.3867378382960953,8165.436520955477,263.98918913333296,0.44476408575112103,0.33737804256112236,1.9333353418928585,3.2835499182352104,0.8300511688948432
M-130,2017-04-21T20:00:00Z,73.3108305983254,2.3719311555762674,8160.924331837523,262.3505192708339,6.690346393925975,5.268740591179412,2.0226813080334276,3.321775137445508,0.8435682106439223
M-130,2017-04-22T20:00:00Z,73.25320258128194,2.3579002933154793,8154.509210324819,260.7977266115626,6.622107524987446,5.2035212588217314,2.101660009239523,3.3551173124918865,0.8547708755179247
M-130,2017-04-23T20:00:00Z,73.1956285485276,2.346677355097747,8148.100098315691,259.555697758371,0.9594261429736354,0.6078192360609741,2.150338192944971,3.44814483052358,0.8613395804203785
M-130,2017-04-24T20:00:00Z,73.18279914802942,2.3504617082072627,8146.67193598505,259.974506359447,5.773151524134733,4.2473405096347,2.2145680916641872,3.500446234384688,0.8696281100247398
M-130,2017-04-25T20:00:00Z,73.15817769025277,2.375418018946189,8143.931087842765,262.7364121999798,5.982322719342848,4.115112539716594,2.28322311497174,3.528965729116155,0.8780273691402053
M-130,2017-04-26T20:00:00Z,73.15861747577546,2.379958227138176,8143.980044543209,263.2388808120831,8.092376902038886,6.117568789316209,2.3515884892375136,3.550996973067266,0.8859370720217056
M-130,2017-04-27T20:00:00Z,73.16674231893879,2.378710676315411,8144.884497946927,263.10081315924873,7.802635793278079,6.043849443845319,2.440941928036022,3.541040697037879,0.8956231909394468
M-130,2017-04-28T20:00:00Z,73.17868095415766,2.3728413161938917,8146.213500740257,262.45124711065904,4.538289573868528,3.499817256590763,2.5258246842712246,3.500678239227235,0.9041756069747592
M-130,2017-04-29T20:00:00Z,73.19355141658185,2.353731940833751,8147.86887304518,260.3364189555374,1.0610193727931068,0.7134703604670747,2.603002291023872,3.454839883602893,0.9114330435559327
M-130,2017-04-30T20:00:00Z,73.1733791660539,2.339697462247175,8145.623308388254,258.7832466478146,8.84045176780397,6.949761979562579,2.6794668500634504,3.3793494327533526,0.9181626983428604
M-130,2017-05-01T20:00:00Z,73.13861738587377,2.330440190042676,8141.753644719533,257.75876842020665,15.23551769515808,12.005155563471124,2.765178623289267,3.2617300628946078,0.9251916416074495
M-130,2017-05-02T20:00:00Z,73.0957032700446,2.327835548354472,8136.976467197586,257.470520733504,18.840873839830156,14.857457000287695,2.8464762531656627,3.117724814158838,0.9313854525995843
M-130,2017-05-03T20:00:00Z,73.04988549127448,2.333963407882797,8131.876055395618,258.1486729651297,19.32552549791843,15.248500412350877,2.9234166286244725,2.9414290212441223,0.9368485931185067
M-130,2017-05-04T20:00:00Z,73.00638601115627,2.3509454640570406,8127.033715419087,260.02804296625385,16.640165617448172,13.138463872861799,2.9977514930376135,2.7182558134760537,0.94178013232509
M-130,2017-05-05T20:00:00Z,72.97043060943564,2.3809464323329683,8123.031178408279,263.3482465239944,10.995656856389772,8.689441811345848,3.0710135644362313,2.427520274514829,0.946326520164407
M-130,2017-05-06T20:00:00Z,72.94727353596889,2.4261743076074533,8120.4533447816975,268.35374880461654,2.750140750739909,2.180389562744844,3.142916461600069,2.0376190765921924,0.9505029572450356
M-130,2017-05-07T20:00:00Z,72.95618117586707,2.501563018255822,8121.4449387193345,276.6976182932247,4.366794085277351,3.484261075460897,3.175392507613233,1.7552114582185565,0.952300977464746
M-130,2017-05-08T20:00:00Z,72.9917479473753,2.632687542435969,8125.40421361279,291.2113810649855,4.016621121519764,3.261729806114523,3.1997155995268964,1.1572501093648235,0.9536128790911721
M-130,2017-05-09T20:00:00Z,73.04658958179664,2.9306387621263315,8131.509156430844,324.1965444104988,1.1093454419845705,0.7454181035209201,2.9396897028236144,1.0127511165297838,0.9379565940573752
M-130,2017-05-10T20:00:00Z,72.96273074255733,3.184096946566463,8122.17403314821,352.2630055100926,5.100334262361417,4.478268085031453,2.2544792205515174,1.2301758666675164,0.8745675498695676
M-130,2017-05-11T20:00:00Z,72.8896338173003,3.3289122470666066,8114.036920650043,368.3021022448415,1.026861822576214,0.6901764534875146,1.2155376086119594,1.5035827930807155,0.6850440641927427
M-130,2017-05-12T20:00:00Z,72.85381955250602,3.315201617729953,8110.0500949300085,366.7834733193649,0.5196692110504801,0.42499614756496423,1.158622892862986,1.7391239661877649,0.6705988715379552
M-130,2017-05-13T20:00:00Z,72.87147064236589,3.272428247138086,8112.015005265155,362.0459078636712,4.968585136977962,3.9514708579834563,1.2215800813454094,1.7836228276726818,0.6865519283682274
M-130,2017-05-14T20:00:00Z,72.89844426077195,3.2139921005603984,8115.01769473097,355.5738688025389,0.2770535832745857,0.21077058757176353,1.2320069088982342,1.6667398969819511,0.6891422300296848
M-130,2017-05-15T20:00:00Z,72.86216421119167,3.3165132265891084,8110.979018085739,366.92874998271344,0.3237305315957111,0.2810890278932401,1.2894916614730876,1.6193473359098414,0.7031575298860536
M-130,2017-05-16T20:00:00Z,72.97718879601322,3.3016775543510537,8123.783496296782,365.2855298765506,0.3500095046851907,0.3012290318742083,1.329950421362811,1.5500930234601993,0.7127518077973545
M-130,2017-05-17T20:00:00Z,73.02378578917491,3.2563225180905913,8128.970649848037,360.26209548656374,0.3122166480613507,0.23899900936650753,1.1583497343221227,1.7263964818762163,0.6705284888401559
M-130,2017-05-18T20:00:00Z,72.98220856297152,3.297563700969503,8124.342294198481,364.82987804884584,0.6711940002677586,0.5254336124884668,1.0698896981099997,1.8261619847601638,0.6472108099299932
M-130,2017-05-19T20:00:00Z,73.02434320597305,3.2579540291610383,8129.032701202167,360.4427944415626,0.689922093712564,0.44097984503739357,1.039119660981194,1.8378626928957684,0.6388569859528168
M-130,2017-05-20T20:00:00Z,72.99905965043946,3.293072028691092,8126.218148674724,364.33238105031245,0.3803038662178713,0.2830053937327231,1.0133237067648722,1.8088862737256721,0.6317582866972805
M-130,2017-05-21T20:00:00Z,72.99458314444809,3.2430552378234836,8125.719826307231,358.79268116621705,5.2498902217252335,3.8466688609947277,1.0624552440159964,1.6577990876621875,0.6452038042405274
M-130,2017-05-22T20:00:00Z,72.9846776134868,3.2948747207258293,8124.617147644584,364.532046696678,0.47350115455472463,0.34907359698441104,1.2980395112847494,1.1917794587559143,0.7052031363012188
M-130,2017-05-23T20:00:00Z,73.0098080879405,3.261430716947725,8127.414659264162,360.8278580044259,0.4025426093738961,0.3159115680663355,1.3293321074228261,1.3019276077623045,0.7126068617848214
M-130,2017-05-24T20:00:00Z,72.97507404293547,3.3025826747562013,8123.548083061013,365.3857815832296,0.6818200364085166,0.49639155001345825,1.7902890862833047,0.7919912741052535,0.8064520476381346
M-130,2017-05-25T20:00:00Z,72.94902940230065,3.308328118264946,8120.64880692765,366.0221526890104,3.288787064332836,3.2175405395470342,-0.8166476825419133,1.0429132384517366,0.02646500691550398
M-130,2017-05-26T20:00:00Z,72.9406215510469,3.3016094553773567,8119.712849207418,365.2779871950381,6.6116044883952085,5.363175122051719,-0.3735101222081084,1.4862850788026936,0.16988031145384497
M-130,2017-05-27T20:00:00Z,72.93281923160276,3.302224708859693,8118.8442989798905,365.34613304379513,6.638962759946684,5.082122038453541,0.2195235957872047,1.6995199226821034,0.3781204282431875
M-130,2017-05-28T20:00:00Z,72.97497668991375,3.3024733400375443,8123.537245772207,365.3736715959473,0.7051951217254558,0.5334244418049701,0.5204737344285487,1.7048999408111913,0.48098334795991404
M-130,2017-05-29T20:00:00Z,72.97510499659595,3.3153625851345816,8123.5515288067345,366.801302410335,0.5606636851121534,0.4596213573722398,0.8421780844635122,1.76827222474911,0.582526051730662
M-130,2017-05-30T20:00:00Z,72.975684171126,3.3034200949595456,8123.616002220501,365.478534855353,0.3380771086639359,0.2687142662048702,1.303828451087987,1.6176570029089714,0.7065828446764704
M-130,2017-05-31T20:00:00Z,72.94430615287253,3.4179280053889762,8120.123017206422,378.1622697977021,6.906222139148199,5.717530188146429,1.389362093854295,1.6406692264726532,0.7264361951956669
M-130,2017-06-01T20:00:00Z,72.93998751676533,3.511721619535767,8119.642268834048,388.55267827074874,9.43487896539101,7.750882801974352,1.488915325184825,1.7399500330067499,0.7482919733912506
M-130,2017-06-02T20:00:00Z,72.95015477108903,3.5852261314604212,8120.774082408128,396.6962082890057,7.297784272947322,5.889673256667544,1.597592755628041,1.8300677733354709,0.7706312417692865
M-130,2017-06-03T20:00:00Z,72.96540204795026,3.6350615231171646,8122.471401504305,402.2178241907915,0.4852713496668036,0.40460442207626623,1.7250292962715914,1.801580418284713,0.7948515627512058
M-130,2017-06-04T20:00:00Z,72.97851187554905,3.6081932971121864,8123.9307808369895,399.2408650514665,2.9718963758538712,2.7316733180315484,1.959714567899776,1.5636511137937021,0.8341374148383722
M-130,2017-06-05T20:00:00Z,73.0359357362651,3.578679322804843,8130.323175771285,395.97086375458935,2.928900935001755,2.634785388547877,2.076071339401335,1.3413064572687663,0.8512161116370258
M-130,2017-06-06T20:00:00Z,72.86694769243515,3.4854602273383106,8111.511512781983,385.6433493100098,0.7900643775601182,0.5368635685318063,1.9750661431215155,1.3167958524430925,0.8364783775683677
M-130,2017-06-07T20:00:00Z,72.80795579044722,3.45904357206514,8104.94456429176,382.71690279431897,0.43336695188442836,0.33529250282867484,1.8615063064841049,1.5177507665977,0.8185094843048188
M-130,2017-06-08T20:00:00Z,72.78089689317778,3.481023919319539,8101.932381626298,385.1518877205175,4.42534247839965,3.3904127180452415,1.834783662122817,1.619521977396179,0.8140578390185678
M-130,2017-06-09T20:00:00Z,72.69489725986898,3.49788529044719,8092.358946237953,387.0198310013295,2.8431750959088204,2.5902198918928763,1.719517636063155,1.7065227404534602,0.7938472423193053
M-130,2017-06-10T20:00:00Z,72.80383829889963,3.466264324268012,8104.486207229335,383.5168120706459,0.9629844352195098,0.6137031833211506,1.7012830935683148,1.5703060671838085,0.7904970382257445
M-130,2017-06-11T20:00:00Z,72.79804760620789,3.4691054359682725,8103.841590267551,383.8315498962252,0.24333375790278386,0.19209750079503976,1.7438117867099083,1.173028584103826,0.7982451581689517
M-130,2017-06-12T20:00:00Z,72.7048808869107,3.6951520271370426,8093.470318516509,408.8760881600396,0.3751755327747953,0.3093453413456062,0.9316640986964831,1.2258960785919446,0.6087232202690563
M-130,2017-06-13T20:00:00Z,72.69057066826421,3.702108833515827,8091.87731226364,409.6469590180136,6.319492668939074,5.016835659352405,1.1767255550525977,1.5693564020501904,0.6752408490561752
M-130,2017-06-14T20:00:00Z,72.69447085094457,3.693433244950231,8092.3114786136175,408.6856340264761,6.170328033741938,4.952617062849362,1.4361873144619195,1.5129346298485071,0.7368832460060623
M-130,2017-06-15T20:00:00Z,72.79988012934815,3.630887053453905,8104.045585810392,401.7552933337926,4.992011954737766,3.787647110044585,1.5602445884399112,1.3431249620530659,0.7631312538410702
M-130,2017-06-16T20:00:00Z,72.89527139675667,3.6725068342136202,8114.664493124434,406.36685854311725,4.839789491294647,4.126080939204334,1.4428155048265972,1.514119656321516,0.7383380222403649
M-130,2017-06-17T20:00:00Z,72.93745142304986,3.5461909512126555,8119.359952173038,392.37143745300307,2.4553715143092623,2.1763320000131547,1.554782690393662,1.477260939631267,0.7620189572583717
M-130,2017-06-18T20:00:00Z,72.9269796590196,3.5348905919669327,8118.194240733481,391.1194869772744,0.2594041593195797,0.2224487636863814,1.5870888816373572,1.7248166463514762,0.7685405497292791
M-130,2017-06-19T20:00:00Z,72.92543420709208,3.5252695469050215,8118.022201811864,390.0535974776975,0.30802810993766366,0.2548730260536733,1.6317454225429913,1.8271949756301946,0.777328850980511
M-130,2017-06-20T20:00:00Z,72.81714860429989,3.487563647717169,8105.967903648796,385.87637054271937,2.4494282570684534,1.9319387378685455,1.5368581172113318,1.926565524639955,0.7583408110645945
M-130,2017-06-21T20:00:00Z,72.83683293551192,3.4642485799581135,8108.159153375925,383.29350887198996,0.858290985609304,0.6779667291865589,1.5037910431956458,2.045869661477131,0.7514428883840585
M-130,2017-06-22T20:00:00Z,72.85710405276406,3.465085092600815,8110.415723826244,383.38617728730554,8.084201168734882,6.329329823450184,1.540438074290376,2.203033610357597,0.7590788416979626
M-130,2017-06-23T20:00:00Z,72.86196924329317,3.473498384200379,8110.957314358556,384.31820177161785,12.453993546084787,9.76622896415065,1.6146560526232774,2.2548590505396815,0.7739965926106003
M-130,2017-06-24T20:00:00Z,72.8602559388882,3.485523044478315,8110.766590184622,385.6503083142369,12.69833096609305,9.977603591500745,1.6966804947294067,2.1775882572563505,0.7896447011993202
M-130,2017-06-25T20:00:00Z,72.85855286678822,3.4982196200266276,8110.577005065667,387.0568691806308,8.760947330456823,6.896448268928421,1.7771401816671135,1.9634941274220115,0.8041576006215063
M-130,2017-06-26T20:00:00Z,72.86330585218421,3.5086901285464185,8111.106104979696,388.21683486468635,0.32139431945925306,0.28231852534661317,1.85569997962681,1.5548071892093098,0.8175495805001661
M-130,2017-06-27T20:00:00Z,72.91615379624795,3.513773221124366,8116.989111202344,388.77996536092746,0.281074504853005,0.24743678445278156,1.9143753775123091,0.8780016052514331,0.8270640084565696
M-130,2017-06-28T20:00:00Z,72.91995035235215,3.5413377391015914,8117.41174189463,391.83375519760705,1.096192397905356,0.7420926582497583,-0.9061043419457551,0.8262630875148692,0
M-130,2017-06-29T20:00:00Z,72.90719426405123,3.562318991245762,8115.991740640459,394.1582665792388,5.46026029949447,4.152511748697059,-0.4140682030362096,1.3957000475286814,0.15605688488101543
M-130,2017-06-30T20:00:00Z,72.90926508743101,3.5893816129249836,8116.222263644618,397.15661179186225,2.9524386496320125,2.723916055760558,0.09300320589486123,1.6256127948823504,0.3335906824660035
M-130,2017-07-01T20:00:00Z,72.9142013240704,3.5084899970517207,8116.771762993752,388.1946633572423,0.5120003952731773,0.41145047652929956,0.5670829669949556,1.6065529001662444,0.4963302260925718
M-130,2017-07-02T20:00:00Z,72.89426090373313,3.490347167577888,8114.552005555601,386.1847354060415,2.1234427068093416,1.6606784276346354,0.7932240007691747,1.6189586886958245,0.5677894304275842
M-130,2017-07-03T20:00:00Z,72.89101720189636,3.504295308798265,8114.190918318848,387.72995718764827,2.030741573979514,1.504978828301116,0.9519882939449793,1.5312747694724966,0.6145354882401629
M-130,2017-07-04T20:00:00Z,72.77438122689644,3.5223753956052963,8101.20706097368,389.7329644887814,4.027401449356004,3.101724604284827,0.9435795266458441,1.3802456087911947,0.6121370579439134
M-130,2017-07-05T20:00:00Z,72.75881678059125,3.517120848692117,8099.474434736507,389.1508340344971,1.8047155209875798,1.4643915576111595,0.6745636164258162,1.226146995580051,0.5309515051982153
M-130,2017-07-06T20:00:00Z,72.90382768401386,3.5014428317957553,8115.616974664984,387.41394833972487,7.9875781431563775,6.0041184652209045,0.43024354143204135,1.2739841912960177,0.45076545092292924
M-130,2017-07-07T20:00:00Z,72.93624155194115,3.5057279428387744,8119.225269937292,387.8886705033571,10.988585716550404,8.305860987628579,0.2839200215116553,1.6861378845256314,0.4005718985997174
M-130,2017-07-08T20:00:00Z,72.93175164954168,3.5189453516370737,8118.72545628847,389.3529631170524,9.408351082120442,7.361230127336086,0.4074366834182367,2.0751168193072456,0.44303094534346193
M-130,2017-07-09T20:00:00Z,72.91561494040147,3.5388432065697466,8116.929126043903,391.5573896787468,5.796499866764603,4.853874028788696,0.5776723851006265,2.3186037451319854,0.49979006907918183
M-130,2017-07-10T20:00:00Z,72.91366307082012,3.5735156847457445,8116.7118449160125,395.398769383014,7.376469579422886,5.850778664281539,0.708120090676229,2.4996212990914124,0.5415235346212922
M-130,2017-07-11T20:00:00Z,72.91629745575662,3.5911019946909595,8117.005103305696,397.3472208414165,6.715730326136078,5.272459684219352,0.7831914692894217,2.6724849413646465,0.564735116269151
M-130,2017-07-12T20:00:00Z,72.92671089495558,3.5264543428563795,8118.164322054731,390.18485720526957,0.260346792371216,0.23964015448467557,0.961087408249135,2.7671035831775455,0.6171207783385102
M-130,2017-07-13T20:00:00Z,72.93944511694856,3.5479436765291594,8119.581889162639,392.5656207465423,0.9501744060249053,0.6034244708903415,1.2032810058686174,2.902396860510045,0.6819702952868857
M-130,2017-07-14T20:00:00Z,72.93324257630015,3.536960414581081,8118.891425496034,391.348798476783,0.38674186781349273,0.3290639411232504,1.541111271393943,2.87871734253621,0.7592174347242003
M-130,2017-07-15T20:00:00Z,72.93007652954516,3.5655154370387074,8118.53898278344,394.5124052792797,0.4564985886745715,0.35478986281624886,1.8563071422210735,2.780875356607259,0.8176501474268685
M-130,2017-07-16T20:00:00Z,72.9825715982686,3.6338719211207606,8124.382707102893,402.0860161774455,0.9932196942016703,0.6362787884807207,2.0989020673628738,2.8196931765602065,0.854391147471729
M-130,2017-07-17T20:00:00Z,72.97795654482171,3.6810804690970835,8123.8689617032,407.31686353249285,7.6643393777665265,6.014490099007403,2.3384583331415723,2.9994162240773763,0.8844522209791785
M-130,2017-07-18T20:00:00Z,72.955925324606,3.721454638276081,8121.416457487232,411.7906641887231,10.474821427117737,8.140566389209141,2.609159404167585,3.0938934545848924,0.9119915725278052
M-130,2017-07-19T20:00:00Z,72.92662407023823,3.7575164226336497,8118.1546567714095,415.78679161592396,9.51107390800986,7.114677154214374,2.8849188696161723,3.1454644453028857,0.9341620424608574
M-130,2017-07-20T20:00:00Z,72.90194763696579,3.7911955164882016,8115.407688784925,419.51903623916695,7.999804637255986,5.465184576240975,3.1164064592356784,3.161455055521801,0.9489950086063529
M-130,2017-07-21T20:00:00Z,72.91356327469586,3.821391127770466,8116.700735662275,422.86537403983147,13.921047893972695,10.4746182972613,3.397993153979721,3.1312319622838736,0.9632735893814605
M-130,2017-07-22T20:00:00Z,72.95059449247682,3.8483702464741927,8120.8230319691065,425.8553546696819,20.43837168768379,15.730600494203266,3.6797827390424875,3.0556629865284934,0.9742554429176292
M-130,2017-07-23T20:00:00Z,73.02487268696956,3.870240194215641,8129.091642757084,428.27917807665585,24.76819128066271,19.1421068851105,3.9597731245633883,2.936049845963079,0.9826108779012278
M-130,2017-07-24T20:00:00Z,73.14827444214434,3.885051514814068,8142.828663306135,429.92073722904433,26.380506496167577,20.351745282761126,4.232061119633111,2.781670726430987,0.9888397703779532
M-130,2017-07-25T20:00:00Z,73.33271329593036,3.890809062774889,8163.360302592089,430.55886211084083,25.169419263485022,19.297071108931576,4.487756308495101,2.6043643585511953,0.9933650209562666
M-130,2017-07-26T20:00:00Z,73.59011573143249,3.8854837784059684,8192.014210641137,429.96864603896813,21.322812967014542,16.124762586480266,4.716035648684943,2.4122176023245725,0.9965524816334939
M-130,2017-07-27T20:00:00Z,73.93239096717429,3.86702371378713,8230.11611559506,427.9226949494962,15.634244403332914,11.409130507337249,4.9045834054189985,2.2045502321430903,0.9986965403739518
M-130,2017-07-28T20:00:00Z,74.37139487424052,3.8333639025093666,8278.985806985931,424.19225378560554,11.386480937681908,7.709359318774635,5.039070106068668,1.9662928409906135,1
M-130,2017-07-29T20:00:00Z,75.02279362833333,3.765852103692075,8351.499184594915,416.7105201856222,15.130141120181785,10.612621125354003,5.000499401283836,1.8686251751596645,0.9996436801912287
M-130,2017-07-30T20:00:00Z,75.76716999641785,3.683292954919677,8434.362782848631,407.5620203988092,21.179617357609676,14.647044851551712,4.820851460496816,1.7721631594890916,0.9977932792387638
M-130,2017-07-31T20:00:00Z,76.57694217446887,3.5897892802016718,8524.50620936783,397.2017791012851,25.688831428479123,16.842560179539955,4.4773820089595056,1.6660667454461215,0.99320254760316
M-130,2017-08-01T20:00:00Z,77.42532302238133,3.489147907867841,8618.947533356211,386.0518784871176,27.50156140013388,16.53676348017413,3.9282376950184017,1.5397044625946907,0.9817779044164051
M-130,2017-08-02T20:00:00Z,78.27226287378747,3.3867502796283366,8713.228446347273,374.7086466841852,25.363529298446142,13.696862776550102,3.0984304341086415,1.3805918824653343,0.9479514735921645
M-130,2017-08-03T20:00:00Z,79.02119250890816,3.294783904270961,8796.5989119689,364.5219878837401,16.202300427067662,8.99144156000797,1.8515686610113542,1.1495882569471763,0.816864108928233
M-130,2017-08-04T20:00:00Z,79.39483533327787,3.2473301454375463,8838.192640916297,359.26614535667466,3.6960564985785536,3.3702576016273857,0.03405162407921836,0.6463235074392448,0.3127310643938102
M-130,2017-08-05T20:00:00Z,79.3345927283113,3.2480891099448304,8831.48646480736,359.35020411436534,3.9833968812316085,3.269330494704895,0.488361171162996,0.9863397367366799,0.47030238177588024
M-130,2017-08-06T20:00:00Z,79.3336652740544,3.118794365647155,8831.383221071746,345.0311367426152,7.304287982063933,5.812959920492861,1.6511500449130136,1.3236864717782433,0.781066384753721
M-130,2017-08-07T20:00:00Z,79.33413354215234,2.949655574970006,8831.435348437964,326.30212341939796,7.634946803161218,5.889561970332608,2.517570165977683,1.4180751368724307,0.9033706620879566
M-130,2017-08-08T20:00:00Z,79.31380658628974,2.761014939107425,8829.172562061962,305.41703663819357,5.268187318800967,3.664627768270425,3.0536162694978044,1.3608907459449269,0.9452741478276592
M-130,2017-08-09T20:00:00Z,79.12923653579621,2.6047777109861348,8808.626318025334,288.1220022205648,4.770868452926686,3.7894911348022706,3.34097480729148,1.333083555427148,0.9606753994254821
M-130,2017-08-10T20:00:00Z,78.8321243328093,2.3794271343048585,8775.551938880362,263.18010424050016,5.9992513592927805,4.783601523227556,3.221617568794534,1.4276538611523593,0.954769293356825
M-130,2017-08-11T20:00:00Z,78.54832126539453,2.1418381025879487,8743.959125930181,236.88811416159402,4.6335043810159044,3.6522062647152866,2.8170503453500877,1.618316111768435,0.9291949460004699
M-130,2017-08-12T20:00:00Z,78.47402395970119,1.928504908421782,8735.688387693086,213.28384849748488,9.394208572147432,7.09294091750963,2.7396940163262085,1.7417881473908305,0.9231566586092844
M-130,2017-08-13T20:00:00Z,78.41623594373904,1.7643252688050917,8729.255455182227,195.1202404795762,22.661635116064016,18.75310543665875,2.6527553461511983,2.159538218873622,0.9158623689101174
M-130,2017-08-14T20:00:00Z,78.35006568339135,1.6216929021102648,8721.889415494663,179.3417858006067,36.07616939483334,30.372795204529446,2.6063475338016033,2.528067210990284,0.9117368678491998
M-130,2017-08-15T20:00:00Z,78.2772769001733,1.5002350338486874,8713.786605211368,165.9066149995771,48.546198240122195,40.98382050321396,2.59990765355554,2.8594514332085663,0.9111511986418273
M-130,2017-08-16T20:00:00Z,78.19944952464226,1.3993439458422892,8705.122901397475,154.74703434312744,59.7814523746324,50.32667515275771,2.6313762590592864,3.145709052398223,0.9139824133012991
M-130,2017-08-17T20:00:00Z,78.11800533806071,1.3183527667759918,8696.056576019146,145.78893970247816,69.62856381848354,58.318402580454496,2.697272013323313,3.3752830792714015,0.9196665680020556
M-130,2017-08-18T20:00:00Z,78.03426084545967,1.2566740021714091,8686.734181746056,138.9671092795869,77.99387743081924,64.95210358439246,2.7929588135620618,3.540807921859161,0.9273584618695935
M-130,2017-08-19T20:00:00Z,77.94948923935422,1.2138837203885824,8677.297449720669,134.23449016174234,84.81602425235344,70.2441287239843,2.9130443288731085,3.641716213397272,0.9361338662963218
M-130,2017-08-20T20:00:00Z,77.86497633878865,1.1897540325000513,8667.889516664249,131.56577245065918,90.05125680960614,74.20878050739908,3.051816844778935,3.6836393595114196,0.9451643454918585
M-130,2017-08-21T20:00:00Z,77.782061999079815,1.1842475568775852,8658.6595345884,130.95676545962428,93.6662978321475,76.85161242728358,3.2036324184381235,3.67625762592074,0.9538214042974603
M-130,2017-08-22T20:00:00Z,77.70216488167699,1.1974899848747649,8649.765428163268,132.42135792257244,95.63648819037633,78.17232231867378,3.363196730833359,3.6308694405094104,0.9617044735679391
M-130,2017-08-23T20:00:00Z,77.62679268715577,1.2297340301951163,8641.375033849194,135.98753060236467,95.94713301292207,78.17070506491397,3.525725352401541,3.5584288232513566,0.968614153505325
M-130,2017-08-24T20:00:00Z,77.55754177056406,1.2813234449982283,8633.666057077236,141.69338118948602,94.59627793093091,76.85234421720469,3.686995842770138,3.4683172084503915,0.974499911647543
M-130,2017-08-25T20:00:00Z,77.49609016394639,1.3526615916806188,8626.825295520131,149.58365782996233,91.59778797735183,74.2330151680335,3.84331917421073,3.3677978745946824,0.9794052606098959
M-130,2017-08-26T20:00:00Z,77.44418726760343,1.4441860933726336,8621.047491528534,159.70696987871275,86.9842283106686,70.3418977030002,3.9914589715246485,3.2619629782828947,0.9834227420584277
M-130,2017-08-27T20:00:00Z,77.40364246349161,1.5563493456004847,8616.534064580492,172.11365216784557,80.80948212303737,65.22405406397209,4.128520734872639,3.153969453897422,0.986662231902062
M-130,2017-08-28T20:00:00Z,77.37631398670209,1.6896038250438326,8613.491872460128,186.85416556709407,73.15127996013135,58.94264552904921,4.251824434388648,3.0454047396314956,0.9892311094520189
M-130,2017-08-29T20:00:00Z,77.36409868022028,1.8443908092663706,8612.132070762691,203.97788102303267,64.1139257198247,51.58129261623055,4.358765248134863,2.9366814185112178,0.9912229922224558
M-130,2017-08-30T20:00:00Z,77.36892274276855,2.021131024371212,8612.669082949116,223.53208348793237,53.831564153267344,43.246944867603986,4.446659321213882,2.8274111601225043,0.9927116179973114
M-130,2017-08-31T20:00:00Z,77.39273318452186,2.2202156388725083,8615.31964920066,245.56102107591963,42.472397480730635,34.07365097958251,4.512563357814858,2.716749621176988,0.9937469096855229
M-130,2017-09-01T20:00:00Z,77.43748931478751,2.441995713957784,8620.30187883171,270.1047903759707,30.244325314431542,24.22766667567206,4.553046472336766,2.603742364626004,0.9943505551681108
M-130,2017-09-02T20:00:00Z,77.50515301592552,2.6867674103702464,8627.83416758758,297.1977586198844,17.402090654673618,13.913692098646383,4.563875990831655,2.4877547437170966,0.9945080198054488
M-130,2017-09-03T20:00:00Z,77.59767544788318,2.954748344495158,8638.133717600062,326.8660110863415,4.2363905690111,3.3524153665012397,4.5395476525410094,2.369175227392988,0.9941519258285252
M-130,2017-09-04T20:00:00Z,77.73562062943647,3.2621386908901933,8653.48970496796,360.90627043606645,7.288410693219169,5.831585821636324,4.478492410484008,2.3736541082280813,0.9932200166080732
M-130,2017-09-05T20:00:00Z,77.89009480220167,3.592976154440529,8670.685691220895,397.55486807896136,13.655196169918353,11.00613169444889,4.299886602228822,2.4812168222464295,0.9901520068782362
M-130,2017-09-06T20:00:00Z,78.02307319230407,3.9284806682420337,8685.488777893603,434.7342191503494,15.949349758914297,12.912095858908025,4.068893896167051,2.6510629407851902,0.9853054841883617
M-130,2017-09-07T20:00:00Z,78.1050154356219,4.257014233758179,8694.610546694203,471.15575127045173,14.297947498749483,11.579762238409204,3.825548670552325,2.817756301486611,0.9788838279014485
M-130,2017-09-08T20:00:00Z,78.10635451917997,4.566985904694899,8694.759612794018,505.53391919916083,9.129028438028637,7.32884575503451,3.6324013828651696,2.841811561170318,0.9726072490743409
M-130,2017-09-09T20:00:00Z,77.99782807332691,4.847626001902128,8682.678504104051,536.6719564594608,1.0766993421805462,0.7178264613384954,3.5501266592510556,2.576844170242351,0.969563375581605
M-130,2017-09-10T20:00:00Z,77.6167483372006,5.051569548713214,8640.256901926836,559.308414308484,4.82412525392904,3.890335856398092,3.5837680916041847,2.1404562677039896,0.9708366904745049
M-130,2017-09-11T20:00:00Z,77.16388142497944,5.215629565875408,8589.843987861252,577.523274732257,3.3022821933648356,3.1853080417016852,3.4265284468450123,2.005624172421856,0.9645228011967324
M-130,2017-09-12T20:00:00Z,76.75871657308568,5.277687323547253,8544.741242861108,584.4145233565075,14.695085292097634,10.496506579946614,3.236255106355896,2.1106422708671433,0.9555292169654572
M-130,2017-09-13T20:00:00Z,76.37521772971277,5.304671605389412,8502.050346897027,587.4112299279815,27.96110175188824,19.09893970583675,3.080343086494553,2.142425449874237,0.9468840343982745
M-130,2017-09-14T20:00:00Z,76.013265740847,5.302882806249646,8461.758035804874,587.2125729151645,39.966397443096575,26.7121737595398,2.967230329686747,2.1278926225888473,0.9397952053456788
M-130,2017-09-15T20:00:00Z,75.67369494388427,5.275841425034813,8423.957187598719,584.2095341793488,49.94396349035187,32.985240177999486,2.879054466472557,2.099093168064506,0.9337446096040454
M-130,2017-09-16T20:00:00Z,75.35710551833266,5.227121827057328,8388.714613955777,578.7993888624864,57.35254006926591,37.71376154682042,2.7993280145660435,2.073929102416901,0.9278477993580321
M-130,2017-09-17T20:00:00Z,75.06410835037235,5.160339027379617,8356.098318414566,571.3840786425445,61.80968857650288,40.742982360747476,2.714452779339351,2.058571396905103,0.921095688558522
M-130,2017-09-18T20:00:00Z,74.79550290506796,5.0791806248015545,8326.197297018982,562.3736192581094,63.07473665820513,41.945871395451405,2.6142151749336637,2.051360649563092,0.912447982233998
M-130,2017-09-19T20:00:00Z,74.55238452512462,4.987462587784366,8299.133482761203,552.1921787582323,61.05181475729126,41.22240715932897,2.4918037607812953,2.046531456305789,0.9008213980731886
M-130,2017-09-20T20:00:00Z,74.33617875409549,4.8891870926633265,8275.065566423671,541.2844062603355,55.81691225012582,38.514616409936444,2.343814978794191,2.0374676722612053,0.8850599315097457
M-130,2017-09-21T20:00:00Z,74.1485823011417,4.788573111155013,8254.182424806231,530.1187606067124,47.66920188877577,33.84050764343793,2.1705567473539658,2.0206365060365274,0.8639945558779243
M-130,2017-09-22T20:00:00Z,73.99136956308739,4.690012595012524,8236.68158285981,519.1826123434552,37.19000604155974,27.35032363043796,1.9768051332211072,2.002386630053566,0.8367418487336461
M-130,2017-09-23T20:00:00Z,73.86603184948187,4.597889551142512,8222.72905240405,508.9621722938553,25.262660887761708,19.39857680584203,1.7729475831187167,2.009738536022314,0.8034214794815138
M-130,2017-09-24T20:00:00Z,73.7733089074631,4.516230045758079,8212.407181713666,499.90371277013946,13.018485269950498,10.638183352755476,1.5759986134155288,2.0967522614518193,0.7663173464124252
M-130,2017-09-25T20:00:00Z,73.71428401210348,4.448905389678692,8205.836560418105,492.4361908526657,3.3606665300848246,3.406106107406076,1.428071722286563,2.2941879695829868,0.7350939080035533
M-130,2017-09-26T20:00:00Z,73.70973857418238,4.407262500072625,8205.330564583299,487.81758823107134,5.612405542410205,4.782308458624567,1.3824621267381625,2.710162676949442,0.7248715820965149
M-130,2017-09-27T20:00:00Z,73.70812095192318,4.380167982613707,8205.150491697106,484.81268290978505,14.232932575868494,12.464412167705134,1.3824546244033216,3.0628906221930454,0.7248698773677091
M-149,2017-11-25T22:00:00Z,73.3517683254175,2.3972828569627014,8165.48149877165,265.1562274220787,2.8674969446617036,4.840489665955907,1.9955714078863436,2.882630853321334,0.8941611970377532
M-149,2017-11-26T22:00:00Z,73.32654429834236,2.3775866188435963,8162.673572921889,262.97641274305636,3.2511340341469386,5.4887362895622305,1.9955713993987332,2.772345313016553,0.8941611884001659
M-149,2017-11-27T22:00:00Z,73.25966025208251,2.437167797053202,8155.22807495005,269.57045619814414,72.86759399533106,123.05903001781532,1.9954721890927785,2.6851897392390045,0.8940602212160268
M-149,2017-11-28T22:00:00Z,73.21376591015377,2.432518318641557,8150.119140176249,269.05587270156457,91.03488571212227,153.6921237352681,1.9954219621843527,2.5524140935545754,0.894009101952836
M-149,2017-11-29T22:00:00Z,73.19472477418633,2.386704673884165,8147.999490616227,263.98551877592166,26.938494357266414,45.10148074328942,1.9954441469802298,2.412240453239465,0.8940316811349833
M-149,2017-11-30T22:00:00Z,73.24005893942882,2.28770264607195,8153.046066806561,253.02920370911406,25.001936819141612,41.014180729237005,1.9954875968327521,2.3192340513169234,0.8940759023056797
M-149,2017-12-01T22:00:00Z,72.80756752993709,3.1447938703408673,8104.901343329476,347.9103707293309,99.77287196560846,167.77212252580688,1.996318946977119,2.220199804116271,0.8949217290438471
M-149,2017-12-02T22:00:00Z,72.12500967942968,4.490881470535444,8028.91935097404,497.0920154849708,192.0461150483045,324.1556984472286,1.9903660387806263,2.068202914528229,0.8888533516184947
M-149,2017-12-03T22:00:00Z,71.47421673984324,5.77583807925264,7956.473412327419,639.7580564345434,241.95869215386088,408.8186184207048,1.9706919573443462,1.9304933082818934,0.8686015833991872
M-149,2017-12-04T22:00:00Z,71.06075586047882,6.601618439931194,7910.447157773632,731.611349218002,243.77529532362615,412.0737057702135,1.9468009481541317,1.794558385577162,0.8436011387183643
M-149,2017-12-05T22:00:00Z,71.09354531645782,6.5659616472904005,7914.097263316606,727.6421019001536,198.63595852453687,335.82383920152927,1.9347938184827782,1.6319019133596595,0.8308660299509609
M-149,2017-12-06T22:00:00Z,71.78805674622896,5.250902007755804,7991.409922028837,581.4400433617166,114.58201087339376,193.70239116778768,1.9422910470527979,1.419040022621233,0.8388312322304948
M-149,2017-12-07T22:00:00Z,73.41862981861594,2.1151256220455092,8172.9244861481775,233.93233434064493,2.6680289049060324,4.509442227957338,1.9472817163358733,1.1858109589895591,0.8441086733531803
M-149,2017-12-08T22:00:00Z,74.16742339334041,1.2090523907848703,8256.279805595781,133.70014835026097,24.248935799435294,40.96580133074248,1.912553581415153,1.175796840421169,0.8069736108629413
M-149,2017-12-09T22:00:00Z,76.76475140116649,-0.5214129192944825,8545.41303685009,-57.655662424528806,39.403030237596845,68.02076307772344,2.003491791846172,1.0248694997190522,0.9021972862324701
M-149,2017-12-10T22:00:00Z,77.92156165949197,-4.826407110136801,8674.188565751316,-534.3171949017216,4.018351213269927,6.93436159866149,2.055706379929844,0.9398160822250576,0.9539727805219129
M-149,2017-12-11T22:00:00Z,80.93431382570303,-9.252341898031544,9009.566602780264,-1027.6063509696853,12.200320664545655,20.563091150132795,2.0771765784798966,0.9126859798474456,0.9746650790139998
M-149,2017-12-12T22:00:00Z,86.03027285665529,-11.811042890757369,9576.846167209253,-1315.4709904268263,12.29542626135636,16.197909583717458,2.1039616517762547,0.8665114590452363,1
M-149,2017-12-13T22:00:00Z,90.6163668552882,-11.184212159523728,10087.367815867156,-1244.7210756900397,50.04443288402,83.44711346266,1.8920531643273115,0.8531013750065455,0.7845979462272068
M-149,2017-12-14T22:00:00Z,94.5262282423316,-10.449826518402585,10522.61159454511,-1162.0278289698822,39.47091430822087,64.17402277093434,1.746816219891877,0.9177196822844587,0.6161391227764461
M-149,2017-12-15T22:00:00Z,97.28578401850194,-10.458587355038368,10829.80393836403,-1163.0131213095278,18.11803509506045,30.36526547448201,1.418126122910609,1.3348548574047059,0.1668848619808537
M-149,2017-12-16T22:00:00Z,97.71661275057319,-10.71314293056406,10877.76357343731,-1191.654257610516,47.89349093035679,81.00121871920021,1.3868121611341624,1.424990891904125,0.11895497628165724
M-149,2017-12-17T22:00:00Z,98.06059267269963,-10.283801072526288,10916.055243211536,-1143.3609779008925,43.6226705447568,74.23225812099223,1.353125908709434,1.5512451854167313,0.06637878290930535
M-149,2017-12-18T22:00:00Z,97.99902581443276,-9.266167906498078,10909.201651899526,-1029.155603006695,35.10382883916162,59.16252985337393,1.3281300355108214,1.6166107269799461,0.026685024460289808
M-149,2017-12-19T22:00:00Z,98.52462720769427,-9.175164961685317,10967.711331357634,-1018.9595391453406,12.990860129871493,21.749355334059157,1.3299414835040153,1.6466438695243986,0.029581141389427624
M-149,2017-12-20T22:00:00Z,99.52453016293258,-9.771063349928978,11079.020019177451,-1085.7739928245699,59.69010819903951,100.160940220998,1.3115280913103973,1.8122740091893639,0
M-149,2017-12-21T22:00:00Z,100.19322224184563,-10.503801600752904,11153.458480899548,-1168.0986148798918,54.13771141596864,89.19817126605501,1.311714137471426,1.9089010817535907,3.0045950972427466e-4
M-150,2017-11-25T22:00:00Z,73.35222173789359,2.3975901212387845,8165.531972417607,265.19023310997426,0.7003311615932634,0.45965302653677703,4.859233506493183,3.317531647407216,0.998561560630019
M-150,2017-11-26T22:00:00Z,73.3371621224559,2.412598027011286,8163.85554369554,266.8512041353061,12.674702902385787,7.671272179961963,4.85949783963524,3.294301866900936,0.9985941330218867
M-150,2017-11-27T22:00:00Z,73.25087589817234,2.4265633221107032,8154.250205145821,268.3968029177818,23.892930931875995,14.370322595193109,4.8604805905798925,3.2242920379122753,0.9987151579641096
M-150,2017-11-28T22:00:00Z,73.16220936354642,2.4315967550910784,8144.379891660858,268.95387837894486,21.137437988277743,12.684297592472399,4.86135494408458,3.153146947646893,0.9988227354525342
M-150,2017-11-29T22:00:00Z,73.10146740728563,2.429184118928076,8137.61812802012,268.68685948154905,5.200235787001818,3.1545172682899354,4.862290814407495,3.0803561318030663,0.9989377791883811
M-150,2017-11-30T22:00:00Z,73.14849563633962,2.4165894919428594,8142.85328653132,267.29295494056595,4.388764949517952,3.232434452559066,4.863219217390767,3.0329569167123376,0.9990518002862993
M-150,2017-12-01T22:00:00Z,73.13173704287378,2.4213370731029875,8140.987728440292,267.81838975644,16.57995802434559,10.438849950663824,4.864161068597648,2.9923876340486877,0.99916736655639
M-150,2017-12-02T22:00:00Z,73.0874491789161,2.427219015249533,8136.057625976201,268.46937167143415,28.71802796773142,17.609232287268227,4.866035447731622,2.9138721101305696,0.9993970364732789
M-150,2017-12-03T22:00:00Z,73.09106423880831,2.392422163279383,8136.460052602589,264.6182836089961,29.398773421352036,17.995318978694538,4.867922500823447,2.8334569283374633,0.9996278315265307
M-150,2017-12-04T22:00:00Z,73.19491750250727,2.282032426694401,8148.020945034776,252.40171775932725,18.56242463533768,11.72048983709732,4.870193271556352,2.7502445449716535,0.9999049890105575
M-150,2017-12-05T22:00:00Z,73.48542038812059,2.036862193822241,8180.3595783352275,225.27265203268928,4.268732524346661,4.307372738347114,4.870972873453972,2.6911592669265434,1
M-150,2017-12-06T22:00:00Z,74.12276068653527,1.5546156187402824,8251.307975816784,171.9218749617524,12.706671780299148,8.107822262085184,4.848891334919656,2.6484483098319482,0.9972804717932612
M-150,2017-12-07T22:00:00Z,74.88722635618078,1.0560579630360802,8336.40790489066,116.77954539458415,0.19988002556108936,0.2434610798646419,4.805463060171392,2.65286667932052,0.9917563433815316
M-150,2017-12-08T22:00:00Z,75.47500028510375,0.5548021268553863,8401.838599359928,61.347814935586136,20.980027896959527,12.955242492874923,4.751594544222362,2.679951323804138,0.9845680242868341
M-150,2017-12-09T22:00:00Z,75.98671194380996,0.053925350375733164,8458.802080640085,5.962757458320699,27.859266031357215,17.137490468069252,4.699941330855694,2.704814977956925,0.9773085195511038
M-150,2017-12-10T22:00:00Z,76.47712197560512,-0.3930474822452049,8513.394275659435,-43.46128615369712,22.25105206456588,13.796193231633916,4.654670241519053,2.719436218480171,0.970636030436578
M-150,2017-12-11T22:00:00Z,77.00024907457319,-0.7329721871686992,8571.628517936724,-81.05010913281205,4.783307303602743,4.041541590740157,4.620254746545363,2.7134055662008647,0.9653614924035196
M-150,2017-12-12T22:00:00Z,77.71692216932529,-0.7660720643243953,8651.408201909766,-84.71042151170616,1.461336188866713,2.150705746229734,4.617273138475311,2.682576474667215,0.964896094539568
M-150,2017-12-13T22:00:00Z,78.67336469640543,-0.7130659709899483,8757.87889699736,-78.84881607150159,18.443616806334607,11.18170057649581,4.604519405496813,2.6439270927492946,0.9628899434459501
M-150,2017-12-14T22:00:00Z,79.51053827824548,-0.7320652271621888,8851.072633833373,-80.9498143805491,16.8807672219814,10.268096305365992,4.592443895650568,2.6037573496537223,0.9609672223469293
M-150,2017-12-15T22:00:00Z,80.11935838469437,-0.8678945720649145,8918.846178067972,-95.97053307929156,4.920977098476634,3.910348144060067,4.587444875626174,2.5668849501011155,0.9601645706996146
M-150,2017-12-16T22:00:00Z,80.27930411480328,-1.2210096577419425,8936.651255298253,-135.0226158172589,37.6021810894582,22.6450753805081,4.595691058234187,2.4891464685368656,0.9614864900370498
M-150,2017-12-17T22:00:00Z,80.23295312879347,-1.6773279920509412,8931.491487137875,-185.49618024421258,68.10909328973995,40.79824630314191,4.6065333446231085,2.4066411157306704,0.963208404281992
M-150,2017-12-18T22:00:00Z,80.01533516210232,-2.2229440247720587,8907.26636589835,-245.86294033217396,95.87867299683106,57.37099262937187,4.615191892658792,2.3273441911100035,0.9645704265977385
M-150,2017-12-19T22:00:00Z,79.66144711835851,-2.843907453299284,8867.87172907096,-314.59393908738053,119.9084376931096,71.73573862771983,4.618605341114109,2.2549594500025303,0.9651042056000037
M-150,2017-12-20T22:00:00Z,79.20628271524262,-3.526205321659081,8817.203059488875,-390.15726893477785,139.4133880486363,83.4135531514107,4.615111141197782,2.1902975977684354,0.96455777742224
M-150,2017-12-21T22:00:00Z,78.68485944300865,-4.255756780494632,8759.158486336026,-471.0163195951393,153.8004175519461,92.0425445825435,4.604150827075794,2.132426730194637,0.9628315926694234
M-150,2017-12-22T22:00:00Z,78.13223698681992,-5.018421848106548,8697.640835912169,-555.6287434349447,162.64400620100642,97.36142801311223,4.586016337923959,2.079475013827945,0.9599344788871386
M-150,2017-12-23T22:00:00Z,77.58352506383623,-5.800023160324121,8636.558504053426,-642.4461905381862,165.67058751174793,99.20037994757023,4.561628222359557,2.029126376418856,0.9559562477502083
M-150,2017-12-24T22:00:00Z,77.07388100490745,-6.586377969520729,8579.825186927657,-729.9147732678626,162.7496645971002,97.4766052355685,4.53232500251543,1.9789096605920562,0.951048873737929
M-150,2017-12-25T22:00:00Z,76.63849921767365,-7.363336123567636,8531.358708072128,-816.4761212305951,153.88993699784615,92.19335130551602,4.499639404872197,1.9263852230593148,0.9454064234629331
M-150,2017-12-26T22:00:00Z,76.31259616201568,-8.116818269549304,8495.07934586831,-900.5687606076846,139.2395256565835,83.44179302671797,4.465038705848239,1.8693035983495347,0.9392335409712307
M-150,2017-12-27T22:00:00Z,76.13139526155037,-8.83284722640663,8474.908153897228,-980.6294092817017,119.0904257096731,71.4060714407512,4.429611814665344,1.8057575840098044,0.9326932447189171
M-150,2017-12-28T22:00:00Z,76.13011530474945,-9.497564763427572,8474.765669757911,-1055.093666570373,93.88911108328281,56.37418731583292,4.393693287683881,1.7342774447907905,0.9258271330157417
M-150,2017-12-29T22:00:00Z,76.34396205953479,-10.09722641753916,8498.57098160841,-1122.3955555130783,64.26096456629838,38.76923743666348,4.356420105144393,1.653741584323442,0.9184430644843287
M-150,2017-12-30T22:00:00Z,76.80811459679232,-10.618168776670034,8550.240205706325,-1180.9654892459073,31.108622957718325,19.3352891460597,4.3152122440939324,1.5629150947502428,0.9099611413128335
M-150,2017-12-31T22:00:00Z,77.61020850891246,-11.02975249782204,8639.528891571925,-1227.3114646675872,6.7461204202700475,6.465704019440116,4.278584298979737,1.4902463161632782,0.9021308609927329
M-150,2018-01-01T22:00:00Z,78.9745586430951,-11.25791843491827,8791.407653772869,-1253.0320358606607,33.89902040230764,20.63077012367999,4.184580288370709,1.3837165737203132,0.8807110994834344
M-150,2018-01-02T22:00:00Z,80.55126858502565,-11.422429748586614,8966.92620163727,-1271.589773958825,50.870844022598405,30.490269241972165,4.050298435981831,1.2608239753582673,0.8465207559774268
M-150,2018-01-03T22:00:00Z,82.25047459271589,-11.557275773656212,9156.08094916622,-1286.8092390276977,57.05129443653146,34.18454951057881,3.869628053351963,1.1253709148447641,0.7929381996255963
M-150,2018-01-04T22:00:00Z,83.97872853423593,-11.69647663949948,9348.469297897696,-1302.528000561189,52.23244932007831,31.498003302350035,3.64232654646177,1.0048863360816889,0.7109137200830261
M-150,2018-01-05T22:00:00Z,85.6376824975743,-11.874123924831528,9533.14320834601,-1322.5998341289535,36.8398674340633,22.55358920856161,3.375382955055344,0.970584167876984,0.5890706132278608
M-150,2018-01-06T22:00:00Z,87.1234526989114,-12.124299898888452,9698.538390594673,-1350.8889971390602,11.804339684724384,7.898378038330417,3.0858360275889565,1.1010722939930488,0.4176777381941348
M-150,2018-01-07T22:00:00Z,87.94856861033487,-12.635893910067109,9790.389873699763,-1408.8229033472774,4.995659066591301,4.62335834772089,3.0009071818752884,1.2256170849782213,0.35814114388749363
M-150,2018-01-08T22:00:00Z,88.36129932211148,-13.104821618672577,9836.334846369478,-1462.0283382928071,21.01248463882985,15.433398207760082,2.892621489030703,1.4549731147502487,0.27528752481464325
M-150,2018-01-09T22:00:00Z,88.80630148136282,-13.45128369923588,9885.872260139246,-1501.4043736664134,51.8833571692412,34.1511697346425,2.7602995012909837,1.7495539421789925,0.16252568002474932
M-150,2018-01-10T22:00:00Z,89.26829669385818,-13.71136174642291,9937.30133194316,-1531.000543058234,83.52841209184344,53.223654327268235,2.6707740933977626,1.9485163524070304,0.07841530375493432
M-150,2018-01-11T22:00:00Z,89.74202289099242,-13.892445057694875,9990.036290983577,-1551.6268983330638,114.17499557567125,71.48381262647456,2.617901149311885,2.0608255111424723,0.025567541631888412
M-150,2018-01-12T22:00:00Z,90.22319456023197,-14.002280617084795,10043.600076187475,-1564.145697730901,142.6495567906466,88.27380636628111,2.594478357364871,2.1039199711428873,0.001371974863878705
M-150,2018-01-13T22:00:00Z,90.70827181281506,-14.04856736897581,10097.598628940423,-1569.4231655399822,168.08720522202154,103.13280832160694,2.5931642636892818,2.0983737095981843,0
M-150,2018-01-14T22:00:00Z,91.19418250742552,-14.038720243597025,10151.689960035466,-1568.3003373731613,189.82119278859227,115.72253395682283,2.6071711051180753,2.063907611323881,0.014544144907215444
M-150,2018-01-15T22:00:00Z,91.67806733833741,-13.979784155789222,10205.555773015165,-1561.5811119503817,207.32756739474831,125.79421546101983,2.630678373165384,2.0169935372452326,0.03856146442384945
M-150,2018-01-16T22:00:00Z,92.15708144649365,-13.878448232729781,10258.879379617912,-1550.0320058278899,220.20169873291934,133.16859874877596,2.659004957690035,1.9698686039020972,0.06686070584988058
M-150,2018-01-17T22:00:00Z,92.62825877225181,-13.741111671902583,10311.330599594648,-1534.3881068287756,228.15147891220414,137.7224994496929,2.6886140846311246,1.9305523896289203,0.09570584233796026
M-150,2018-01-18T22:00:00Z,93.08843100609658,-13.573966329409558,10362.556738343452,-1515.3612267082885,230.99731624574443,139.38084564909386,2.7170234480699875,1.9034532111899565,0.12269028976546519
M-150,2018-01-19T22:00:00Z,93.5341882510631,-13.383075603402405,10412.178207870536,-1493.6478901413238,228.67382797845667,138.11372651052048,2.742674280697978,1.8902262090449733,0.14648436793055564
M-150,2018-01-20T22:00:00Z,93.96186886082434,-13.174439922742222,10459.787395571313,-1469.9360278877036,221.23140008686545,133.9375045752884,2.764792029663875,1.8906317944064361,0.16657482427385664
M-150,2018-01-21T22:00:00Z,94.36756811469269,-12.954045817352457,10504.949629927149,-1444.910011032754,208.8375714734936,126.91881250357177,2.7832542455932527,1.903230382409027,0.18304750826423713
M-150,2018-01-22T22:00:00Z,94.747157708238,-12.727899235190112,10547.20535019104,-1419.2540899188552,191.77910694347543,117.18042002960469,2.798469632366148,1.9258425281114577,0.19642275043398105
M-150,2018-01-23T22:00:00Z,95.09630980415963,-12.502045690961163,10586.072783718439,-1393.6545223845728,170.4662538526116,104.90841816444102,2.811265167543543,1.9557901608573707,0.2075322005247409
M-150,2018-01-24T22:00:00Z,95.41052052649408,-12.282580837798259,10621.050561330498,-1368.8007894145946,145.4415250957191,90.3609011996279,2.822774590281291,1.9899956032247377,0.21741792259748877
M-150,2018-01-25T22:00:00Z,95.68512852247713,-12.075655581709908,10651.619783611093,-1345.3863536967626,117.39695057428627,73.87957035756078,2.834320474153234,2.0250416035899566,0.227233987819912
M-150,2018-01-26T22:00:00Z,95.91532493396944,-11.887480002408099,10677.245130920855,-1324.1094304357252,87.20729114531272,55.90847671224057,2.847283097140802,2.057290768740604,0.23813513345105974
M-150,2018-01-27T22:00:00Z,96.0961522109167,-11.724329970441314,10697.374731312158,-1305.6741970885869,55.997723786389045,37.034400784301276,2.8629521709656034,2.083134249271639,0.2511454398001524
M-150,2018-01-28T22:00:00Z,96.22249094912004,-11.5925592537195,10711.43869531642,-1290.7927480351473,25.342135484891823,18.148390441571088,2.8823618699844595,2.099394676890562,0.26701151820038327
M-150,2018-01-29T22:00:00Z,96.27700691961796,-11.506726689832727,10717.507385392348,-1281.1031264940862,3.839561313941499,4.106712475808626,2.8990878260022828,2.102629055915505,0.2804647490384082
M-150,2018-01-30T22:00:00Z,96.05925512321508,-11.537790396616145,10693.26736629746,-1284.6095555597003,5.481337285362359,5.050623978327945,2.912215253305763,2.1001430206280225,0.2908833326737852
M-150,2018-01-31T22:00:00Z,95.9231902114946,-11.482422805260406,10678.120689609903,-1278.3600103426925,21.506440867234502,14.968339278785193,2.9271306369867744,2.1045421093253447,0.3025730045101777
M-150,2018-02-01T22:00:00Z,95.91464388812062,-11.340424785972113,10677.169317243757,-1262.3378315745645,48.2699332136469,30.84960812558496,2.954973958840599,2.102665029645872,0.32397982524297125
M-150,2018-02-02T22:00:00Z,95.98793738219918,-11.144508823824177,10685.328311683043,-1240.2451016074656,72.76900931891875,45.614379505179635,2.9798391815576832,2.105751385013596,0.3426483495962304
M-150,2018-02-03T22:00:00Z,96.1269543041546,-10.907182749407047,10700.803604646766,-1213.5028603298997,93.30027774379825,58.09873121901696,2.997892739104298,2.122865306679121,0.35594246833546583
M-150,2018-02-04T22:00:00Z,96.31577608106532,-10.640917741242829,10721.82314870315,-1183.5254404546254,108.77316620906855,67.63021335625719,3.007506777022578,2.158610025747109,0.3629338618298202
M-150,2018-02-05T22:00:00Z,96.53857505188009,-10.358230820483913,10746.625016683514,-1151.728148848717,118.46761733952368,73.7581162633527,3.0088011077150028,2.214400239265411,0.36387046745946133
M-150,2018-02-06T22:00:00Z,96.77954599187026,-10.071726739450233,10773.4497790192,-1119.5311144742975,121.96268860287577,76.19983594046924,3.0032615811240357,2.2889522141825935,0.3598542286081691
M-150,2018-02-07T22:00:00Z,97.02287464455993,-9.794104285788274,10800.537000732027,-1088.3598190873345,119.10864390690158,74.82332864977414,2.9934031497672007,2.378276311621139,0.3526567114740649
M-150,2018-02-08T22:00:00Z,97.25273382499853,-9.538137635035106,10826.12480765261,-1059.6434354107807,110.02112066514839,69.64166683287209,2.9824244874218904,2.4756491911759193,0.34456542944464214
M-150,2018-02-09T22:00:00Z,97.45329145940194,-9.316648249911609,10848.4507813891,-1034.812625342883,95.09098039183542,60.81289993171581,2.9737990704217254,2.572057866841198,0.33815194557440625
M-150,2018-02-10T22:00:00Z,97.60871088143773,-9.142485828049802,10865.75199230951,-1015.2987832639121,75.01138800660922,48.64371948591721,2.9707632121992718,2.6574751802610095,0.3358827034963224
M-150,2018-02-11T22:00:00Z,97.70312487168515,-9.028534766584547,10876.262109627614,-1002.5365028642096,50.83492821571568,33.600793730787274,2.975694937221759,2.7230642063696644,0.3395659160824334
M-150,2018-02-12T22:00:00Z,97.72057450276708,-8.987752667309843,10878.204593674185,-997.9699885185357,24.118985094655088,16.35413541163335,2.9894223163058125,2.764054660181986,0.3497321110094175
M-150,2018-02-13T22:00:00Z,97.64713529225446,-9.038733571823457,10870.02937815566,-1003.678580462711,2.985604583343866,2.079028681933195,3.004538960220726,2.7777736960719586,0.36078213559286654
M-150,2018-02-14T22:00:00Z,97.69521545413556,-9.05121888902184,10875.381637293523,-1005.0767497273748,7.462222648255839,7.108237559295417,3.0226277635497416,2.773592562470342,0.3738074750654066
M-150,2018-02-15T22:00:00Z,97.70305454073754,-9.06296260833773,10876.25428042234,-1006.3919159670155,25.549543032420246,16.559203447233365,3.0566058686128654,2.7552596519732644,0.3977036761658589
M-150,2018-02-16T22:00:00Z,97.69999794294968,-9.078150821479106,10875.914021513034,-1008.0928918985303,34.096980323110444,21.28793665227089,3.090960851049846,2.7350098044626043,0.42112519296270323
M-150,2018-02-17T22:00:00Z,97.69712287136157,-9.100237417592774,10875.593970007852,-1010.5665697921107,31.694173297484394,19.776662491242696,3.1253327749154476,2.7138046618154745,0.4438344711721874
M-150,2018-02-18T22:00:00Z,97.70547569157489,-9.13268464536995,10876.523801700685,-1014.2009093966975,18.65116458731962,12.387853595746963,3.159572227934711,2.6920198756477904,0.46575653200825656
M-150,2018-02-19T22:00:00Z,97.74300290620653,-9.182650138537127,10880.701312124369,-1019.7980857106924,5.8992049894228735,5.883456548769961,3.181664695022935,2.678046098377897,0.47953992398502904
M-150,2018-02-20T22:00:00Z,97.82912204631415,-9.258712969236598,10890.288050948706,-1028.3202438490491,12.164026294374445,8.332846720913679,3.2123422757822584,2.6643893702755665,0.49822058323983504
M-150,2018-02-21T22:00:00Z,97.90535601921358,-9.329747122653643,10898.774377993019,-1036.2806708124858,4.736398486845943,5.105635933175807,3.231383324709649,2.6598366350221125,0.5095522998684924
M-150,2018-02-22T22:00:00Z,97.95756100631965,-9.364710581503395,10904.585810574536,-1040.1994456817933,4.3532268517159975,4.5034517756229855,3.2516051071782055,2.651556620900001,0.5213703806253016
M-150,2018-02-23T22:00:00Z,98.07068005961159,-9.312944695988135,10917.178165986012,-1034.3975626784143,16.21317687600748,12.1628180816802,3.268741895695933,2.642518289803255,0.5312138494376194
M-150,2018-02-24T22:00:00Z,98.17140958847315,-9.20281608212518,10928.391325846727,-1022.0573177396714,40.499977858794836,26.567033629350696,3.302575793635416,2.622332949198543,0.5501950247161032
M-150,2018-02-25T22:00:00Z,98.25916038496165,-9.059668292718388,10938.15969982853,-1006.0229847823509,61.800776598069284,39.15300254944937,3.3349971095940143,2.6047723262959983,0.5678324315047186
M-150,2018-02-26T22:00:00Z,98.33034249371003,-8.890881054706702,10946.083655927992,-987.1250183095975,78.03274888628972,48.58020503747815,3.3645255513025187,2.5934012800567245,0.5834393020216779
M-150,2018-02-27T22:00:00Z,98.38132006909069,-8.70380409693782,10951.758453661243,-966.1895742671098,87.91422111435628,54.137796797581416,3.390394109900298,2.5899942219781886,0.5967628587329377
M-150,2018-02-28T22:00:00Z,98.40841099499985,-8.505785493085305,10954.774201738568,-944.0412122854283,90.65105428313565,55.40303933359426,3.4123996948491815,2.595027905024293,0.6078459483151439
M-150,2018-03-01T22:00:00Z,98.40788832702206,-8.304190951583681,10954.716018605428,-921.5047910411699,85.84166640056148,52.176136544231476,3.430770676685485,2.6080669841721975,0.6169252104121633
M-150,2018-03-02T22:00:00Z,98.37598218624198,-8.106415288431945,10951.164243260611,-899.4066786162729,73.43720750504292,44.45940228948923,3.4460483991364415,2.6280539349031993,0.6243575748484381
M-150,2018-03-03T22:00:00Z,98.30888100674686,-7.919887944325646,10943.694574127585,-878.5754656478924,53.735668576527196,32.459249841774906,3.4589772409350896,2.6535304568073985,0.6305645589234707
M-150,2018-03-04T22:00:00Z,98.2027313454584,-7.752074642146452,10931.878047885075,-859.8423934103038,27.434107766381068,16.645929852853293,3.470397526304496,2.682824316193371,0.6359849765734065
M-150,2018-03-05T22:00:00Z,98.0377502105166,-7.6216191405980425,10913.512431952859,-845.2848243073615,5.142550444569628,3.7638666349050807,3.478040158748354,2.705514200468274,0.6395800536943499
M-150,2018-03-06T22:00:00Z,97.75129044847533,-7.575436438259545,10881.623877109661,-840.1323634118605,23.812919355071582,14.44428570403868,3.4887186769238325,2.7438293789317094,0.6445601386851991
M-150,2018-03-07T22:00:00Z,97.4349509484931,-7.547784800293107,10846.40912505384,-837.047623950611,27.522765459372426,16.878080552784517,3.498244965988467,2.7854178617497243,0.6489608397725556
M-150,2018-03-08T22:00:00Z,97.1033002149915,-7.526826926505721,10809.489934279227,-834.7097552927785,18.073491018781976,11.86524396727774,3.5060025444261638,2.831779405485743,0.6525154434525858
M-150,2018-03-09T22:00:00Z,96.77307325061491,-7.497867795215998,10772.729236758616,-831.4795278556112,5.490569291512022,5.819266802084601,3.509958534708145,2.8676893996361885,0.6543181472576381
M-150,2018-03-10T22:00:00Z,96.46220195691316,-7.444059154267221,10738.123202641491,-825.4780554577588,12.799776613126516,8.225368791196223,3.512423725395097,2.9328032783146654,0.6554381167107651
M-150,2018-03-11T22:00:00Z,96.1626240148544,-7.385724671701905,10704.774338678613,-818.9726422349328,6.634529137194178,5.60212206678405,3.512936602707632,2.981206511267419,0.6556707971393898
M-156,2018-04-15T22:00:00Z,73.34882820699393,2.3925787611852907,8165.154206285866,264.63561461843585,0.5556891927071073,0.32326598383925415,1.5408394296101262,10.192088212458778,0.826335649812422
M-156,2018-04-16T22:00:00Z,73.36079533922266,2.428483432752814,8166.486381351825,268.6093110164172,4.472828082221242,3.6041636873113205,1.5408394296101262,9.140063161348856,0.826335649812422
M-156,2018-04-17T22:00:00Z,73.3421148843899,2.424449156477343,8164.4068826320545,268.1628181515538,8.854919689827996,4.8842773687102845,1.5658762950089877,8.693707705448734,0.8310970721544484
M-156,2018-04-18T22:00:00Z,73.33617100519939,2.4190461541489947,8163.7452130272295,267.5648438679325,0.8080905315833804,0.4880782481310348,1.7061593492883167,7.517825981391118,0.856357583693993
M-156,2018-04-19T22:00:00Z,73.23812331079569,2.4693463172522763,8152.8305936127545,273.1318805922866,0.34967674125457776,0.3292841952688757,2.0285434230994817,6.111360593669448,0.905742447858444
M-156,2018-04-20T22:00:00Z,73.29000138710195,2.456470110124145,8158.605634650503,271.706769263361,3.2501239254126584,1.6769956072587822,2.3448802938818756,5.765963647015493,0.9437006569007782
M-156,2018-04-21T22:00:00Z,73.2313305394377,2.6088514379550496,8152.074425764111,288.57292449710684,2.959076587715506,2.97415438120767,3.059486136501777,2.8255574448623815,1
M-156,2018-04-22T22:00:00Z,73.02744370485397,2.741420861111707,8129.377847158794,303.2479020083035,1.1114230775673584,0.6059101800131327,2.6303160821702227,1.713775701208608,0.9704370382042561
M-156,2018-04-23T22:00:00Z,72.99544010706767,3.262397281717728,8125.815222949672,360.93491096115986,1.4022480720338724,1.6205897258223902,1.2250438679197688,0.654687935513248,0.7595152797780836
M-156,2018-04-24T22:00:00Z,72.93658548823947,3.317551514065318,8119.263556750885,367.0437531109114,15.826803325514037,11.803050619482343,-1.092316929180645,1.915713581632322,0.07098957824119807
M-156,2018-04-25T22:00:00Z,72.95471989997955,3.3025666138868037,8121.282270231626,365.38400267040305,15.872118328991482,11.19627484772135,-0.09584574214346553,8.04645982423443,0.3677346099534937
M-156,2018-04-26T22:00:00Z,72.96376969910855,3.3042660366048526,8122.2896892624485,365.5722320491063,4.287261500324525,2.7451446063240477,1.1541263188279032,13.272642923773613,0.7427745988995369
M-156,2018-04-27T22:00:00Z,72.88938938487506,3.428469390829151,8114.009710556933,379.32998720095605,4.960247165135221,1.0755029983161442,1.726722876085088,15.413954733112833,0.8598615091086766
M-156,2018-04-28T22:00:00Z,72.79066984241761,3.476287699446306,8103.020301359225,384.627203985176,3.7361765995907414,19.33354087729276,-1.1786916696054675,96.13779940891877,0.05001487795602973
M-156,2018-04-29T22:00:00Z,72.76808600134856,3.481542782206661,8100.506279671261,385.20936809395806,28.27303699777593,12.871536845004012,-1.2608452263216938,470.09203169642177,0.03093462997474606
M-156,2018-04-30T22:00:00Z,72.81480889112328,3.50357209415769,8105.707447969372,387.649836475509,461.6355212614003,66.49858837524718,-1.1066006584208898,1012.6298200836361,0.06745692105686699
M-156,2018-05-01T22:00:00Z,72.91524290230466,3.506758990251114,8116.887710952409,388.00289449025246,24.56510419831819,46.209952840354894,-1.1593768483051838,1430.2879228636662,0.05462426662056813
M-156,2018-05-02T22:00:00Z,72.91076403321806,3.5243296009068548,8116.38912552636,389.9494640083887,50.046912567699124,52.78661500597737,-1.3482292218413485,1219.1801502916162,0.011578177618697682
M-156,2018-05-03T22:00:00Z,72.93737369649958,3.5203644882129965,8119.351299693039,389.51018362516663,615.3849108596341,172.1685874572805,-1.4027125051945575,1164.9421980558798,0
