species,common_name,date_time,lon,lat
Carcharhinus longimanus,Oceanic Whitetip Shark,NA,51.566803,0.733472
Carcharhinus longimanus,Oceanic Whitetip Shark,NA,52.816803,1.216806
Carcharhinus longimanus,Oceanic Whitetip Shark,NA,52.866802,2.750139
Carcharhinus longimanus,Oceanic Whitetip Shark,NA,61.716805,-4.733472
Carcharhinus longimanus,Oceanic Whitetip Shark,NA,90,10
Carcharhinus longimanus,Oceanic Whitetip Shark,NA,42.5,-20
Carcharhinus longimanus,Oceanic Whitetip Shark,NA,51.450138,1.400139
Carcharhinus longimanus,Oceanic Whitetip Shark,NA,51.53347,1.633472
Carcharhinus longimanus,Oceanic Whitetip Shark,NA,51.633472,1.716806
Carcharhinus longimanus,Oceanic Whitetip Shark,NA,48.98347,-2.133472
Carcharhinus longimanus,Oceanic Whitetip Shark,NA,52.300137,-1.800139
Carcharhinus longimanus,Oceanic Whitetip Shark,NA,52.366802,-1.666806
Carcharhinus longimanus,Oceanic Whitetip Shark,NA,53.350136,-3.250139
Carcharhinus longimanus,Oceanic Whitetip Shark,NA,46.566803,-2.700139
Carcharhinus longimanus,Oceanic Whitetip Shark,NA,46.566803,-2.700139
Carcharhinus longimanus,Oceanic Whitetip Shark,NA,46.566803,-2.700139
Carcharhinus longimanus,Oceanic Whitetip Shark,NA,46.566803,-2.700139
Carcharhinus longimanus,Oceanic Whitetip Shark,NA,54.43347,-1.300139
Carcharhinus longimanus,Oceanic Whitetip Shark,NA,54.43347,-1.300139
Carcharhinus longimanus,Oceanic Whitetip Shark,NA,50.33347,-2.466806
Carcharhinus longimanus,Oceanic Whitetip Shark,NA,50.33347,-2.466806
Carcharhinus longimanus,Oceanic Whitetip Shark,NA,50.33347,-2.466806
Carcharhinus longimanus,Oceanic Whitetip Shark,NA,50.33347,-2.466806
Carcharhinus longimanus,Oceanic Whitetip Shark,NA,50.33347,-2.466806
Carcharhinus longimanus,Oceanic Whitetip Shark,NA,40.788083,-12.217997
Carcharhinus longimanus,Oceanic Whitetip Shark,NA,41.85513,-15.016817
Carcharhinus longimanus,Oceanic Whitetip Shark,NA,34.285133,-26.3521
Carcharhinus longimanus,Oceanic Whitetip Shark,NA,36.033563,-24.938953
Carcharhinus longimanus,Oceanic Whitetip Shark,NA,56.285133,0.419167
Carcharhinus longimanus,Oceanic Whitetip Shark,NA,101.234733,-7.5031
Carcharhinus longimanus,Oceanic Whitetip Shark,NA,101.234733,-7.5031
Carcharhinus longimanus,Oceanic Whitetip Shark,NA,101.234733,-7.5031
Carcharhinus longimanus,Oceanic Whitetip Shark,NA,99.838333,-7.016867
Carcharhinus longimanus,Oceanic Whitetip Shark,NA,99.838333,-7.016867
Carcharhinus longimanus,Oceanic Whitetip Shark,NA,99.838393,-5.486303
Carcharhinus longimanus,Oceanic Whitetip Shark,NA,99.771347,-6.469487
Carcharhinus longimanus,Oceanic Whitetip Shark,NA,99.771347,-6.469487
Carcharhinus longimanus,Oceanic Whitetip Shark,NA,99.067067,-5.838333
Carcharhinus longimanus,Oceanic Whitetip Shark,NA,98.2013,-5.536543
Carcharhinus longimanus,Oceanic Whitetip Shark,NA,98.2013,-5.536543
Carcharhinus longimanus,Oceanic Whitetip Shark,NA,90.586853,-7.65397
Carcharhinus longimanus,Oceanic Whitetip Shark,NA,91.620467,-5.134133
Carcharhinus longimanus,Oceanic Whitetip Shark,NA,93.033583,-3.687533
Carcharhinus longimanus,Oceanic Whitetip Shark,NA,91.871947,-4.0503
Carcharhinus longimanus,Oceanic Whitetip Shark,NA,91.871947,-4.0503
Carcharhinus longimanus,Oceanic Whitetip Shark,NA,90.888663,-4.2013
Carcharhinus longimanus,Oceanic Whitetip Shark,NA,89.737803,-5.419187
Carcharhinus longimanus,Oceanic Whitetip Shark,NA,85.083873,-5.637183
Carcharhinus longimanus,Oceanic Whitetip Shark,NA,84.167767,-5.536563
Carcharhinus longimanus,Oceanic Whitetip Shark,NA,83.670667,-6.436033
Carcharhinus longimanus,Oceanic Whitetip Shark,NA,58.938933,2.2013
Carcharhinus longimanus,Oceanic Whitetip Shark,NA,89.2013,4.888633
Carcharhinus longimanus,Oceanic Whitetip Shark,NA,85.016767,3.419167
Carcharhinus longimanus,Oceanic Whitetip Shark,NA,85.016767,3.419167
Carcharhinus longimanus,Oceanic Whitetip Shark,NA,91.570167,2.1007
Carcharhinus longimanus,Oceanic Whitetip Shark,NA,85.586933,4.8048
Carcharhinus longimanus,Oceanic Whitetip Shark,NA,82.2012,2.335333
Carcharhinus longimanus,Oceanic Whitetip Shark,NA,82.2012,2.335333
Carcharhinus longimanus,Oceanic Whitetip Shark,NA,81.771367,1.167667
Carcharhinus longimanus,Oceanic Whitetip Shark,NA,104.721067,-11.721067
Carcharhinus longimanus,Oceanic Whitetip Shark,NA,60.117467,-9.6037
Carcharhinus longimanus,Oceanic Whitetip Shark,NA,62.268277,4.40244
Carcharhinus longimanus,Oceanic Whitetip Shark,NA,66.922227,-0.016807
Carcharhinus longimanus,Oceanic Whitetip Shark,NA,59.838333,-4.7545
Carcharhinus longimanus,Oceanic Whitetip Shark,NA,57.6037,-0.503
Carcharhinus longimanus,Oceanic Whitetip Shark,NA,57.6037,-0.503
Carcharhinus longimanus,Oceanic Whitetip Shark,NA,44.7042,-4.737733
Carcharhinus longimanus,Oceanic Whitetip Shark,NA,50.2516,0.519767
Carcharhinus longimanus,Oceanic Whitetip Shark,NA,50.419267,1.385633
Carcharhinus longimanus,Oceanic Whitetip Shark,NA,51.838433,2.2012
Carcharhinus longimanus,Oceanic Whitetip Shark,NA,55.9557,0.4527
Carcharhinus longimanus,Oceanic Whitetip Shark,NA,56.0504,0.469567
Carcharhinus longimanus,Oceanic Whitetip Shark,NA,56.0504,0.469567
Carcharhinus longimanus,Oceanic Whitetip Shark,NA,56.0504,0.469567
Carcharhinus longimanus,Oceanic Whitetip Shark,NA,56.0504,0.469567
Carcharhinus longimanus,Oceanic Whitetip Shark,NA,58,-0.687433
Carcharhinus longimanus,Oceanic Whitetip Shark,NA,53.033533,-0.4527
Carcharhinus longimanus,Oceanic Whitetip Shark,NA,56.033583,0.419187
Carcharhinus longimanus,Oceanic Whitetip Shark,NA,60.3019,-9.771267
Carcharhinus longimanus,Oceanic Whitetip Shark,NA,65.016867,7.335333
Carcharhinus longimanus,Oceanic Whitetip Shark,NA,55.989233,0.519767
Carcharhinus longimanus,Oceanic Whitetip Shark,NA,55.989233,0.519767
Carcharhinus longimanus,Oceanic Whitetip Shark,NA,55.721007,0.50305
Carcharhinus longimanus,Oceanic Whitetip Shark,NA,55.972537,0.40243
Carcharhinus longimanus,Oceanic Whitetip Shark,NA,54.9558,0.419167
Carcharhinus longimanus,Oceanic Whitetip Shark,NA,54.9558,0.419167
Carcharhinus longimanus,Oceanic Whitetip Shark,NA,51.083913,-1.20128
Carcharhinus longimanus,Oceanic Whitetip Shark,NA,50.167667,0.1006
Carcharhinus longimanus,Oceanic Whitetip Shark,NA,54.217967,2.972527
Carcharhinus longimanus,Oceanic Whitetip Shark,NA,55.9557,2.335333
Carcharhinus longimanus,Oceanic Whitetip Shark,NA,64.45275,-3
Carcharhinus longimanus,Oceanic Whitetip Shark,NA,59.788083,-3.721067
Carcharhinus longimanus,Oceanic Whitetip Shark,NA,59.788083,-3.721067
Carcharhinus longimanus,Oceanic Whitetip Shark,NA,61.2516,-12.469477
Carcharhinus longimanus,Oceanic Whitetip Shark,NA,61.486333,-9.335393
Carcharhinus longimanus,Oceanic Whitetip Shark,NA,62.285133,-10.3019
Carcharhinus longimanus,Oceanic Whitetip Shark,NA,62.0001,-11.821567
Carcharhinus longimanus,Oceanic Whitetip Shark,NA,62.9055,-12.016867
Carcharhinus longimanus,Oceanic Whitetip Shark,NA,69.335333,-4.570167
Carcharhinus longimanus,Oceanic Whitetip Shark,NA,60.419267,-11.385633
Carcharhinus longimanus,Oceanic Whitetip Shark,NA,60.335333,-9.670667
Carcharhinus longimanus,Oceanic Whitetip Shark,NA,71.385633,-7.385683
Carcharhinus longimanus,Oceanic Whitetip Shark,NA,71.385633,-7.385683
Carcharhinus longimanus,Oceanic Whitetip Shark,NA,71.385633,-7.385683
Carcharhinus longimanus,Oceanic Whitetip Shark,NA,71.385633,-7.385683
Carcharhinus longimanus,Oceanic Whitetip Shark,NA,71.385633,-7.385683
Carcharhinus longimanus,Oceanic Whitetip Shark,NA,71.385633,-7.385683
Carcharhinus longimanus,Oceanic Whitetip Shark,NA,71.385633,-7.385683
Carcharhinus longimanus,Oceanic Whitetip Shark,NA,71.385633,-7.385683
Carcharhinus longimanus,Oceanic Whitetip Shark,NA,71.385633,-7.385683
Carcharhinus longimanus,Oceanic Whitetip Shark,NA,71.385633,-7.385683
Carcharhinus longimanus,Oceanic Whitetip Shark,NA,71.385633,-7.385683
Carcharhinus longimanus,Oceanic Whitetip Shark,NA,71.385633,-7.385683
Carcharhinus longimanus,Oceanic Whitetip Shark,NA,71.385633,-7.385683
Carcharhinus longimanus,Oceanic Whitetip Shark,NA,71.385633,-7.385683
Carcharhinus longimanus,Oceanic Whitetip Shark,NA,72.067167,-6.670667
Carcharhinus longimanus,Oceanic Whitetip Shark,NA,72.067167,-6.670667
Carcharhinus longimanus,Oceanic Whitetip Shark,NA,72.067167,-6.670667
Carcharhinus longimanus,Oceanic Whitetip Shark,NA,72.067167,-6.670667
Carcharhinus longimanus,Oceanic Whitetip Shark,NA,72.570067,-6.4024
Carcharhinus longimanus,Oceanic Whitetip Shark,NA,72.570067,-6.4024
Carcharhinus longimanus,Oceanic Whitetip Shark,NA,72.586933,-6.318567
Carcharhinus longimanus,Oceanic Whitetip Shark,NA,72.586933,-6.318567
Carcharhinus longimanus,Oceanic Whitetip Shark,NA,47.469467,-5.8048
Carcharhinus longimanus,Oceanic Whitetip Shark,NA,48.6037,-2.972467
Carcharhinus longimanus,Oceanic Whitetip Shark,NA,48.6037,-2.972467
Carcharhinus longimanus,Oceanic Whitetip Shark,NA,48.6037,-2.972467
Carcharhinus longimanus,Oceanic Whitetip Shark,NA,57.620417,9.788033
Carcharhinus longimanus,Oceanic Whitetip Shark,NA,57.620417,9.788033
Carcharhinus longimanus,Oceanic Whitetip Shark,NA,65.10064,3.10064
Carcharhinus longimanus,Oceanic Whitetip Shark,NA,56.05031,1.788033
Carcharhinus longimanus,Oceanic Whitetip Shark,NA,52.972527,1.1509
Carcharhinus longimanus,Oceanic Whitetip Shark,NA,52.972527,1.1509
Carcharhinus longimanus,Oceanic Whitetip Shark,NA,52.972527,1.1509
Carcharhinus longimanus,Oceanic Whitetip Shark,NA,55.033543,7.25158
Carcharhinus longimanus,Oceanic Whitetip Shark,NA,56.033533,0.419167
Carcharhinus longimanus,Oceanic Whitetip Shark,NA,62.536573,4.234813
Carcharhinus longimanus,Oceanic Whitetip Shark,NA,66.218017,6.335383
Carcharhinus longimanus,Oceanic Whitetip Shark,NA,59.385653,5.871877
Carcharhinus longimanus,Oceanic Whitetip Shark,NA,59.385653,5.871877
Carcharhinus longimanus,Oceanic Whitetip Shark,NA,55.637203,6.167727
Carcharhinus longimanus,Oceanic Whitetip Shark,NA,55.838383,5.167747
Carcharhinus longimanus,Oceanic Whitetip Shark,NA,54.60368,4.8048
Carcharhinus longimanus,Oceanic Whitetip Shark,NA,55.00005,0.368907
Carcharhinus longimanus,Oceanic Whitetip Shark,NA,56.335333,0.419167
Carcharhinus longimanus,Oceanic Whitetip Shark,NA,56.016837,0.268337
Carcharhinus longimanus,Oceanic Whitetip Shark,NA,56.20127,0.419247
Carcharhinus longimanus,Oceanic Whitetip Shark,NA,56.20127,0.419247
Carcharhinus longimanus,Oceanic Whitetip Shark,NA,56.20127,0.419247
Carcharhinus longimanus,Oceanic Whitetip Shark,NA,56.25153,0.503
Carcharhinus longimanus,Oceanic Whitetip Shark,NA,43.469567,-28.503
Carcharhinus longimanus,Oceanic Whitetip Shark,NA,41.184533,-27.5534
Carcharhinus longimanus,Oceanic Whitetip Shark,NA,41.335333,-27.385733
Carcharhinus longimanus,Oceanic Whitetip Shark,NA,53.419267,-25.972567
Carcharhinus longimanus,Oceanic Whitetip Shark,NA,61.888633,-24.5534
Carcharhinus longimanus,Oceanic Whitetip Shark,NA,60.536533,-11.570167
Carcharhinus longimanus,Oceanic Whitetip Shark,NA,60.1006,-11.737833
Carcharhinus longimanus,Oceanic Whitetip Shark,NA,56.536533,-11.821567
Carcharhinus longimanus,Oceanic Whitetip Shark,NA,56.536533,-11.821567
Carcharhinus longimanus,Oceanic Whitetip Shark,NA,56.033533,-11.687433
Carcharhinus longimanus,Oceanic Whitetip Shark,NA,55.536533,-11.469567
Carcharhinus longimanus,Oceanic Whitetip Shark,NA,55.536533,-11.469567
Carcharhinus longimanus,Oceanic Whitetip Shark,NA,55.9557,-11.134233
Carcharhinus longimanus,Oceanic Whitetip Shark,NA,96.670677,-7.117387
Carcharhinus longimanus,Oceanic Whitetip Shark,NA,94.771367,-0.167717
Carcharhinus longimanus,Oceanic Whitetip Shark,NA,94.385633,0.922167
Carcharhinus longimanus,Oceanic Whitetip Shark,NA,90.218047,-0.268357
Carcharhinus longimanus,Oceanic Whitetip Shark,NA,86.067167,2.586833
Carcharhinus longimanus,Oceanic Whitetip Shark,NA,90.888673,4.670667
Carcharhinus longimanus,Oceanic Whitetip Shark,NA,92.20128,5.670667
Carcharhinus longimanus,Oceanic Whitetip Shark,NA,91.016767,5.436033
Carcharhinus longimanus,Oceanic Whitetip Shark,NA,91.016767,5.436033
Carcharhinus longimanus,Oceanic Whitetip Shark,NA,91.016767,5.436033
Carcharhinus longimanus,Oceanic Whitetip Shark,NA,91.25155,5.40248
Carcharhinus longimanus,Oceanic Whitetip Shark,NA,86.0503,6.016787
Carcharhinus longimanus,Oceanic Whitetip Shark,NA,86.0503,6.016787
Carcharhinus longimanus,Oceanic Whitetip Shark,NA,86.0503,6.016787
Carcharhinus longimanus,Oceanic Whitetip Shark,NA,86.0503,6.016787
Carcharhinus longimanus,Oceanic Whitetip Shark,NA,86.0503,6.016787
Carcharhinus longimanus,Oceanic Whitetip Shark,NA,86.0503,6.016787
Carcharhinus longimanus,Oceanic Whitetip Shark,NA,89.335393,7.989243
Carcharhinus longimanus,Oceanic Whitetip Shark,NA,90.620387,7.318647
Carcharhinus longimanus,Oceanic Whitetip Shark,NA,92.067107,6.788093
Carcharhinus longimanus,Oceanic Whitetip Shark,NA,92.435973,0.05033
Carcharhinus longimanus,Oceanic Whitetip Shark,NA,87.989263,0.20122
Carcharhinus longimanus,Oceanic Whitetip Shark,NA,87.989263,0.20122
Carcharhinus longimanus,Oceanic Whitetip Shark,NA,87.989263,0.20122
Carcharhinus longimanus,Oceanic Whitetip Shark,NA,80.1007,3.3018
Carcharhinus longimanus,Oceanic Whitetip Shark,NA,82.335413,5.55336
Carcharhinus longimanus,Oceanic Whitetip Shark,NA,82.335413,5.55336
Carcharhinus longimanus,Oceanic Whitetip Shark,NA,82.335413,5.55336
Carcharhinus longimanus,Oceanic Whitetip Shark,NA,82.335413,5.55336
Carcharhinus longimanus,Oceanic Whitetip Shark,NA,82.335413,5.55336
Carcharhinus longimanus,Oceanic Whitetip Shark,NA,82.335413,5.55336
Carcharhinus longimanus,Oceanic Whitetip Shark,NA,82.335413,5.55336
Carcharhinus longimanus,Oceanic Whitetip Shark,NA,82.335413,5.55336
Carcharhinus longimanus,Oceanic Whitetip Shark,NA,87.1509,5.134133
Carcharhinus longimanus,Oceanic Whitetip Shark,NA,60.536583,11.318667
Carcharhinus longimanus,Oceanic Whitetip Shark,NA,60.536583,11.318667
Carcharhinus longimanus,Oceanic Whitetip Shark,NA,60.536583,11.318667
Carcharhinus longimanus,Oceanic Whitetip Shark,NA,60.536583,11.318667
Carcharhinus longimanus,Oceanic Whitetip Shark,NA,93.486333,4.9054
Carcharhinus longimanus,Oceanic Whitetip Shark,NA,93.95578,5.670687
Carcharhinus longimanus,Oceanic Whitetip Shark,NA,93.95578,5.670687
Carcharhinus longimanus,Oceanic Whitetip Shark,NA,90.033553,8.033573
Carcharhinus longimanus,Oceanic Whitetip Shark,NA,51.1006,-2.721017
Carcharhinus longimanus,Oceanic Whitetip Shark,NA,51.0504,-3.4527
Carcharhinus longimanus,Oceanic Whitetip Shark,NA,72.35212,9.419227
Carcharhinus longimanus,Oceanic Whitetip Shark,NA,73,7.8552
Carcharhinus longimanus,Oceanic Whitetip Shark,NA,74.9054,0.083883
Carcharhinus longimanus,Oceanic Whitetip Shark,NA,74.067167,-3.519767
Carcharhinus longimanus,Oceanic Whitetip Shark,NA,64.788103,3.720967
Carcharhinus longimanus,Oceanic Whitetip Shark,NA,65.067087,-8.20127
Carcharhinus longimanus,Oceanic Whitetip Shark,NA,56.871867,1.888633
Carcharhinus longimanus,Oceanic Whitetip Shark,NA,57.838333,3.687433
Carcharhinus longimanus,Oceanic Whitetip Shark,NA,57.335333,4.687533
Carcharhinus longimanus,Oceanic Whitetip Shark,NA,57.586833,4.486333
Carcharhinus longimanus,Oceanic Whitetip Shark,NA,57.184533,4.134233
Carcharhinus longimanus,Oceanic Whitetip Shark,NA,55.1509,5.0001
Carcharhinus longimanus,Oceanic Whitetip Shark,NA,55.570067,5.2013
Carcharhinus longimanus,Oceanic Whitetip Shark,NA,55.285133,5.2012
Carcharhinus longimanus,Oceanic Whitetip Shark,NA,55.469467,5.3522
Carcharhinus longimanus,Oceanic Whitetip Shark,NA,55.469467,5.3522
Carcharhinus longimanus,Oceanic Whitetip Shark,NA,55.469467,5.3522
Carcharhinus longimanus,Oceanic Whitetip Shark,NA,56.0504,6.436033
Carcharhinus longimanus,Oceanic Whitetip Shark,NA,55.536533,6.5534
Carcharhinus longimanus,Oceanic Whitetip Shark,NA,54.888633,6.9055
Carcharhinus longimanus,Oceanic Whitetip Shark,NA,54.888633,6.9055
Carcharhinus longimanus,Oceanic Whitetip Shark,NA,54.888633,6.9055
Carcharhinus longimanus,Oceanic Whitetip Shark,NA,54.888733,7.083933
Carcharhinus longimanus,Oceanic Whitetip Shark,NA,54.888733,7.083933
Carcharhinus longimanus,Oceanic Whitetip Shark,NA,54.888733,7.083933
Carcharhinus longimanus,Oceanic Whitetip Shark,NA,59.536533,7.268367
Carcharhinus longimanus,Oceanic Whitetip Shark,NA,59.536533,7.268367
Carcharhinus longimanus,Oceanic Whitetip Shark,NA,56.721067,6.972467
Carcharhinus longimanus,Oceanic Whitetip Shark,NA,56.721067,6.972467
Carcharhinus longimanus,Oceanic Whitetip Shark,NA,49.838333,1.067067
Carcharhinus longimanus,Oceanic Whitetip Shark,NA,49.838333,1.067067
Carcharhinus longimanus,Oceanic Whitetip Shark,NA,52.888733,3.519867
Carcharhinus longimanus,Oceanic Whitetip Shark,NA,51.234833,3.4528
Carcharhinus longimanus,Oceanic Whitetip Shark,NA,48.9055,1.586833
Carcharhinus longimanus,Oceanic Whitetip Shark,NA,48.9055,1.586833
Carcharhinus longimanus,Oceanic Whitetip Shark,NA,47.368967,0.6539
Carcharhinus longimanus,Oceanic Whitetip Shark,NA,47.368967,0.6539
Carcharhinus longimanus,Oceanic Whitetip Shark,NA,47.368967,0.6539
Carcharhinus longimanus,Oceanic Whitetip Shark,NA,47.368967,0.6539
Carcharhinus longimanus,Oceanic Whitetip Shark,NA,47.368967,0.6539
Carcharhinus longimanus,Oceanic Whitetip Shark,NA,45.989233,-0.3018
Carcharhinus longimanus,Oceanic Whitetip Shark,NA,45.721067,-1.486233
Carcharhinus longimanus,Oceanic Whitetip Shark,NA,50.1509,-0.268267
Carcharhinus longimanus,Oceanic Whitetip Shark,NA,50.1509,-0.268267
Carcharhinus longimanus,Oceanic Whitetip Shark,NA,53.788133,-0.167667
Carcharhinus longimanus,Oceanic Whitetip Shark,NA,53.788133,-0.167667
Carcharhinus longimanus,Oceanic Whitetip Shark,NA,53.9055,-3.268267
Carcharhinus longimanus,Oceanic Whitetip Shark,NA,53.4024,-0.4024
Carcharhinus longimanus,Oceanic Whitetip Shark,NA,54.217967,4.6036
Carcharhinus longimanus,Oceanic Whitetip Shark,NA,49.7043,-2.6539
Carcharhinus longimanus,Oceanic Whitetip Shark,NA,49.7043,-2.6539
Carcharhinus longimanus,Oceanic Whitetip Shark,NA,49.7043,-2.6539
Carcharhinus longimanus,Oceanic Whitetip Shark,NA,49.7043,-2.6539
Carcharhinus longimanus,Oceanic Whitetip Shark,NA,49.7043,-2.6539
Carcharhinus longimanus,Oceanic Whitetip Shark,NA,49.7043,-2.6539
Carcharhinus longimanus,Oceanic Whitetip Shark,NA,47.20125,-4.285113
Carcharhinus longimanus,Oceanic Whitetip Shark,NA,56.821617,2.134203
Carcharhinus longimanus,Oceanic Whitetip Shark,NA,56.234743,2.20123
Carcharhinus longimanus,Oceanic Whitetip Shark,NA,58.318617,1.8551
Carcharhinus longimanus,Oceanic Whitetip Shark,NA,58.318617,1.8551
Carcharhinus longimanus,Oceanic Whitetip Shark,NA,57.721067,2.0001
Carcharhinus longimanus,Oceanic Whitetip Shark,NA,55.167767,-1.067067
Carcharhinus longimanus,Oceanic Whitetip Shark,NA,54.35213,-1.10061
Carcharhinus longimanus,Oceanic Whitetip Shark,NA,57.35214,-2.335403
Carcharhinus longimanus,Oceanic Whitetip Shark,NA,57.35214,-2.335403
Carcharhinus longimanus,Oceanic Whitetip Shark,NA,58,-3.40244
Carcharhinus longimanus,Oceanic Whitetip Shark,NA,58.737803,-4.385673
Carcharhinus longimanus,Oceanic Whitetip Shark,NA,58.737803,-4.385673
Carcharhinus longimanus,Oceanic Whitetip Shark,NA,58.737803,-4.385673
Carcharhinus longimanus,Oceanic Whitetip Shark,NA,59.838413,-0.637183
Carcharhinus longimanus,Oceanic Whitetip Shark,NA,57.368967,1.218067
Carcharhinus longimanus,Oceanic Whitetip Shark,NA,56.989233,1.938933
Carcharhinus longimanus,Oceanic Whitetip Shark,NA,56.9558,2.620367
Carcharhinus longimanus,Oceanic Whitetip Shark,NA,56.9558,2.620367
Carcharhinus longimanus,Oceanic Whitetip Shark,NA,56.9558,2.620367
Carcharhinus longimanus,Oceanic Whitetip Shark,NA,56.9558,2.620367
Carcharhinus longimanus,Oceanic Whitetip Shark,NA,57.570067,4.838433
Carcharhinus longimanus,Oceanic Whitetip Shark,NA,57.570067,4.838433
Carcharhinus longimanus,Oceanic Whitetip Shark,NA,56.80485,5.436033
Carcharhinus longimanus,Oceanic Whitetip Shark,NA,56.80485,5.436033
Carcharhinus longimanus,Oceanic Whitetip Shark,NA,55.80484,4.838343
Carcharhinus longimanus,Oceanic Whitetip Shark,NA,55.80484,4.838343
Carcharhinus longimanus,Oceanic Whitetip Shark,NA,55.80484,4.838343
Carcharhinus longimanus,Oceanic Whitetip Shark,NA,55.117417,3.838383
Carcharhinus longimanus,Oceanic Whitetip Shark,NA,54.167767,4.972467
Carcharhinus longimanus,Oceanic Whitetip Shark,NA,54.167767,4.972467
Carcharhinus longimanus,Oceanic Whitetip Shark,NA,54.167767,4.972467
Carcharhinus longimanus,Oceanic Whitetip Shark,NA,53.368927,4.8048
Carcharhinus longimanus,Oceanic Whitetip Shark,NA,52.335333,4.00005
Carcharhinus longimanus,Oceanic Whitetip Shark,NA,51.385663,3.788083
Carcharhinus longimanus,Oceanic Whitetip Shark,NA,51.385663,3.788083
Carcharhinus longimanus,Oceanic Whitetip Shark,NA,49.368967,3.234733
Carcharhinus longimanus,Oceanic Whitetip Shark,NA,47.687463,2.687533
Carcharhinus longimanus,Oceanic Whitetip Shark,NA,45.90547,1.737763
Carcharhinus longimanus,Oceanic Whitetip Shark,NA,45.90547,1.737763
Carcharhinus longimanus,Oceanic Whitetip Shark,NA,45.90547,1.737763
Carcharhinus longimanus,Oceanic Whitetip Shark,NA,45.90547,1.737763
Carcharhinus longimanus,Oceanic Whitetip Shark,NA,45.117367,0.4024
Carcharhinus longimanus,Oceanic Whitetip Shark,NA,45.60362,0.26831700000000003
Carcharhinus longimanus,Oceanic Whitetip Shark,NA,46.80488,0.536533
Carcharhinus longimanus,Oceanic Whitetip Shark,NA,46.80488,0.536533
Carcharhinus longimanus,Oceanic Whitetip Shark,NA,47.65395,-0.620427
Carcharhinus longimanus,Oceanic Whitetip Shark,NA,47.519817,-2.3019
Carcharhinus longimanus,Oceanic Whitetip Shark,NA,46.9557,-2.586933
Carcharhinus longimanus,Oceanic Whitetip Shark,NA,46.9557,-2.586933
Carcharhinus longimanus,Oceanic Whitetip Shark,NA,46.9557,-2.586933
Carcharhinus longimanus,Oceanic Whitetip Shark,NA,46.9557,-2.586933
Carcharhinus longimanus,Oceanic Whitetip Shark,NA,46.9557,-2.586933
Carcharhinus longimanus,Oceanic Whitetip Shark,NA,46.3521,-2.620367
Carcharhinus longimanus,Oceanic Whitetip Shark,NA,46.3521,-2.620367
Carcharhinus longimanus,Oceanic Whitetip Shark,NA,46.3521,-2.620367
Carcharhinus longimanus,Oceanic Whitetip Shark,NA,46.3521,-2.620367
Carcharhinus longimanus,Oceanic Whitetip Shark,NA,46.3521,-2.620367
Carcharhinus longimanus,Oceanic Whitetip Shark,NA,46.519817,-1.838333
Carcharhinus longimanus,Oceanic Whitetip Shark,NA,46.519817,-1.838333
Carcharhinus longimanus,Oceanic Whitetip Shark,NA,46.519817,-1.838333
Carcharhinus longimanus,Oceanic Whitetip Shark,NA,47.1006,-1.938933
Carcharhinus longimanus,Oceanic Whitetip Shark,NA,47.1006,-1.938933
Carcharhinus longimanus,Oceanic Whitetip Shark,NA,47.3019,-2.3018
Carcharhinus longimanus,Oceanic Whitetip Shark,NA,46.40243,-3.939033
Carcharhinus longimanus,Oceanic Whitetip Shark,NA,41.637133,-5.268267
Carcharhinus longimanus,Oceanic Whitetip Shark,NA,43.368927,-3.9054
Carcharhinus longimanus,Oceanic Whitetip Shark,NA,51.888733,-0.939033
Carcharhinus longimanus,Oceanic Whitetip Shark,NA,51.888733,-0.939033
Carcharhinus longimanus,Oceanic Whitetip Shark,NA,51.888733,-0.939033
Carcharhinus longimanus,Oceanic Whitetip Shark,NA,51.888733,-0.939033
Carcharhinus longimanus,Oceanic Whitetip Shark,NA,51.888733,-0.939033
Carcharhinus longimanus,Oceanic Whitetip Shark,NA,51.888733,-0.939033
Carcharhinus longimanus,Oceanic Whitetip Shark,NA,51.888733,-0.939033
Carcharhinus longimanus,Oceanic Whitetip Shark,NA,51.888733,-0.939033
Carcharhinus longimanus,Oceanic Whitetip Shark,NA,51.888733,-0.939033
Carcharhinus longimanus,Oceanic Whitetip Shark,NA,54.570067,0.3018
Carcharhinus longimanus,Oceanic Whitetip Shark,NA,61.0503,-0.737733
Carcharhinus longimanus,Oceanic Whitetip Shark,NA,60.6539,-2.335333
Carcharhinus longimanus,Oceanic Whitetip Shark,NA,56.033533,0.419167
Carcharhinus longimanus,Oceanic Whitetip Shark,NA,59.871867,0.570067
Carcharhinus longimanus,Oceanic Whitetip Shark,NA,62.3522,-3.368867
Carcharhinus longimanus,Oceanic Whitetip Shark,NA,64.838333,-3.3018
Carcharhinus longimanus,Oceanic Whitetip Shark,NA,64.469467,-3.972467
Carcharhinus longimanus,Oceanic Whitetip Shark,NA,63.3522,-4.067167
Carcharhinus longimanus,Oceanic Whitetip Shark,NA,59.067167,-0.536533
Carcharhinus longimanus,Oceanic Whitetip Shark,NA,58.586833,-0.083833
Carcharhinus longimanus,Oceanic Whitetip Shark,NA,61.586933,-3.5533
Carcharhinus longimanus,Oceanic Whitetip Shark,NA,67.486233,-0.2012
Carcharhinus longimanus,Oceanic Whitetip Shark,NA,67.3522,-3.2013
Carcharhinus longimanus,Oceanic Whitetip Shark,NA,66.586933,-4.0503
Carcharhinus longimanus,Oceanic Whitetip Shark,NA,79.151,0.989233
Carcharhinus longimanus,Oceanic Whitetip Shark,NA,81.419167,0.469567
Carcharhinus longimanus,Oceanic Whitetip Shark,NA,80.486333,0.435933
Carcharhinus longimanus,Oceanic Whitetip Shark,NA,79.486233,2.1006
Carcharhinus longimanus,Oceanic Whitetip Shark,NA,79.486233,2.1006
Carcharhinus longimanus,Oceanic Whitetip Shark,NA,79.117467,1.5533
Carcharhinus longimanus,Oceanic Whitetip Shark,NA,62.4024,5.0503
Carcharhinus longimanus,Oceanic Whitetip Shark,NA,62.4024,5.0503
Carcharhinus longimanus,Oceanic Whitetip Shark,NA,64.016767,-4.9557
Carcharhinus longimanus,Oceanic Whitetip Shark,NA,67.888633,-3.620467
Carcharhinus longimanus,Oceanic Whitetip Shark,NA,57.7545,-0.7545
Carcharhinus longimanus,Oceanic Whitetip Shark,NA,55.7042,0.234733
Carcharhinus longimanus,Oceanic Whitetip Shark,NA,47.586933,-2.4024
Carcharhinus longimanus,Oceanic Whitetip Shark,NA,47.586933,-2.4024
Carcharhinus longimanus,Oceanic Whitetip Shark,NA,47.586933,-2.4024
Carcharhinus longimanus,Oceanic Whitetip Shark,NA,45.788133,-3.620467
Carcharhinus longimanus,Oceanic Whitetip Shark,NA,47.167767,-3
Carcharhinus longimanus,Oceanic Whitetip Shark,NA,47.167767,-3
Carcharhinus longimanus,Oceanic Whitetip Shark,NA,47.167767,-3
Carcharhinus longimanus,Oceanic Whitetip Shark,NA,47.838333,-1.318667
Carcharhinus longimanus,Oceanic Whitetip Shark,NA,48.938933,-0.3018
Carcharhinus longimanus,Oceanic Whitetip Shark,NA,60.3521,11.838433
Carcharhinus longimanus,Oceanic Whitetip Shark,NA,59.7042,8
Carcharhinus longimanus,Oceanic Whitetip Shark,NA,65.436033,-3.972467
Carcharhinus longimanus,Oceanic Whitetip Shark,NA,71.419167,-5.218067
Carcharhinus longimanus,Oceanic Whitetip Shark,NA,64.067167,-6.0001
Carcharhinus longimanus,Oceanic Whitetip Shark,NA,61.9558,-11.737833
Carcharhinus longimanus,Oceanic Whitetip Shark,NA,61.419167,-12
Carcharhinus longimanus,Oceanic Whitetip Shark,NA,60.788083,-11.95575
Carcharhinus longimanus,Oceanic Whitetip Shark,NA,61.067167,-11.788033
Carcharhinus longimanus,Oceanic Whitetip Shark,NA,60.20125,-13.8552
Carcharhinus longimanus,Oceanic Whitetip Shark,NA,54.486283,-27.871907
Carcharhinus longimanus,Oceanic Whitetip Shark,NA,57.067157,-21.016847
Carcharhinus longimanus,Oceanic Whitetip Shark,NA,57.067157,-21.016847
Carcharhinus longimanus,Oceanic Whitetip Shark,NA,57.570067,-15.503
Carcharhinus longimanus,Oceanic Whitetip Shark,NA,57.570067,-15.503
Carcharhinus longimanus,Oceanic Whitetip Shark,NA,61.335393,-19.25158
Carcharhinus longimanus,Oceanic Whitetip Shark,NA,61.335393,-19.25158
Carcharhinus longimanus,Oceanic Whitetip Shark,NA,61.335393,-19.25158
Carcharhinus longimanus,Oceanic Whitetip Shark,NA,61.335393,-19.25158
Carcharhinus longimanus,Oceanic Whitetip Shark,NA,61.335393,-19.25158
Carcharhinus longimanus,Oceanic Whitetip Shark,NA,57.217967,-21.0504
Carcharhinus longimanus,Oceanic Whitetip Shark,NA,47.721067,-3.486283
Carcharhinus longimanus,Oceanic Whitetip Shark,NA,53.871887,-6.285133
Carcharhinus longimanus,Oceanic Whitetip Shark,NA,55.067117,-3.285103
Carcharhinus longimanus,Oceanic Whitetip Shark,NA,55.067117,-3.285103
Carcharhinus longimanus,Oceanic Whitetip Shark,NA,55.217987,-2.586913
Carcharhinus longimanus,Oceanic Whitetip Shark,NA,53,-4.117367
Carcharhinus longimanus,Oceanic Whitetip Shark,NA,47.3019,-3.05036
Carcharhinus longimanus,Oceanic Whitetip Shark,NA,46.033533,-2.720987
Carcharhinus longimanus,Oceanic Whitetip Shark,NA,43.268337,-2.90544
Carcharhinus longimanus,Oceanic Whitetip Shark,NA,46.90545,2.536583
Carcharhinus longimanus,Oceanic Whitetip Shark,NA,51.25155,1.871907
Carcharhinus longimanus,Oceanic Whitetip Shark,NA,51.90549,0.85513
Carcharhinus longimanus,Oceanic Whitetip Shark,NA,51.90549,0.85513
Carcharhinus longimanus,Oceanic Whitetip Shark,NA,51.654,0.90545
Carcharhinus longimanus,Oceanic Whitetip Shark,NA,51.95578,2.385703
Carcharhinus longimanus,Oceanic Whitetip Shark,NA,51.95578,2.385703
Carcharhinus longimanus,Oceanic Whitetip Shark,NA,51.85515,4.268267
Carcharhinus longimanus,Oceanic Whitetip Shark,NA,49.2516,0.6036
Carcharhinus longimanus,Oceanic Whitetip Shark,NA,50.3521,-0.6539
Carcharhinus longimanus,Oceanic Whitetip Shark,NA,44.586833,-26.45278
Carcharhinus longimanus,Oceanic Whitetip Shark,NA,56.033533,0.435933
Carcharhinus longimanus,Oceanic Whitetip Shark,NA,60.318647,-25.486303
Carcharhinus longimanus,Oceanic Whitetip Shark,NA,56.167767,-0.335333
Carcharhinus longimanus,Oceanic Whitetip Shark,NA,41.6037,-27.285033
Carcharhinus longimanus,Oceanic Whitetip Shark,NA,54.670767,-27.972567
Carcharhinus longimanus,Oceanic Whitetip Shark,NA,60.838333,-23.888633
Carcharhinus longimanus,Oceanic Whitetip Shark,NA,60.4024,-24.318667
Carcharhinus longimanus,Oceanic Whitetip Shark,NA,60.419267,-24.436033
Carcharhinus longimanus,Oceanic Whitetip Shark,NA,61.033533,-24.687433
Carcharhinus longimanus,Oceanic Whitetip Shark,NA,36.385723,-23.10069
Carcharhinus longimanus,Oceanic Whitetip Shark,NA,39,-17.55333
Carcharhinus longimanus,Oceanic Whitetip Shark,NA,36.3521,-21.117367
Carcharhinus longimanus,Oceanic Whitetip Shark,NA,39.737753,-17.10066
Carcharhinus longimanus,Oceanic Whitetip Shark,NA,52.6539,3.486333
Carcharhinus longimanus,Oceanic Whitetip Shark,NA,66.151,4.151
Carcharhinus longimanus,Oceanic Whitetip Shark,NA,67.1509,0.888633
Carcharhinus longimanus,Oceanic Whitetip Shark,NA,67.151,1.8048
Carcharhinus longimanus,Oceanic Whitetip Shark,NA,67.151,1.8048
Carcharhinus longimanus,Oceanic Whitetip Shark,NA,59.7043,15.419167
Carcharhinus longimanus,Oceanic Whitetip Shark,NA,59.7043,15.419167
Carcharhinus longimanus,Oceanic Whitetip Shark,NA,58.938933,15.184533
Carcharhinus longimanus,Oceanic Whitetip Shark,NA,58.938933,15.184533
Carcharhinus longimanus,Oceanic Whitetip Shark,NA,57.888733,15.184533
Carcharhinus longimanus,Oceanic Whitetip Shark,NA,55.419267,15.2515
Carcharhinus longimanus,Oceanic Whitetip Shark,NA,55.4024,15.184533
Carcharhinus longimanus,Oceanic Whitetip Shark,NA,55.4024,15.184533
Carcharhinus longimanus,Oceanic Whitetip Shark,NA,54.067167,14.134133
Carcharhinus longimanus,Oceanic Whitetip Shark,NA,55.888633,14.285133
Carcharhinus longimanus,Oceanic Whitetip Shark,NA,57.117467,13.167767
Carcharhinus longimanus,Oceanic Whitetip Shark,NA,60.4024,-10.184533
Carcharhinus longimanus,Oceanic Whitetip Shark,NA,60.3522,-9.821567
Carcharhinus longimanus,Oceanic Whitetip Shark,NA,61.570067,-10.2515
Carcharhinus longimanus,Oceanic Whitetip Shark,NA,61.419167,-10.234733
Carcharhinus longimanus,Oceanic Whitetip Shark,NA,60.771367,-10.3019
Carcharhinus longimanus,Oceanic Whitetip Shark,NA,63.268287,3.85512
Carcharhinus longimanus,Oceanic Whitetip Shark,NA,66.922177,1.938983
Carcharhinus longimanus,Oceanic Whitetip Shark,NA,68.20121,1.40241
Carcharhinus longimanus,Oceanic Whitetip Shark,NA,68.20121,1.40241
Carcharhinus longimanus,Oceanic Whitetip Shark,NA,62.15096,-11.285133
Carcharhinus longimanus,Oceanic Whitetip Shark,NA,62.15096,-11.285133
Carcharhinus longimanus,Oceanic Whitetip Shark,NA,62.15096,-11.285133
Carcharhinus longimanus,Oceanic Whitetip Shark,NA,62.15096,-11.285133
Carcharhinus longimanus,Oceanic Whitetip Shark,NA,62.15096,-11.285133
Carcharhinus longimanus,Oceanic Whitetip Shark,NA,62.15096,-11.285133
Carcharhinus longimanus,Oceanic Whitetip Shark,NA,62.15096,-11.285133
Carcharhinus longimanus,Oceanic Whitetip Shark,NA,62.15096,-11.285133
Carcharhinus longimanus,Oceanic Whitetip Shark,NA,62.15096,-11.285133
Carcharhinus longimanus,Oceanic Whitetip Shark,NA,62.335333,-10.888733
Carcharhinus longimanus,Oceanic Whitetip Shark,NA,62.335333,-10.888733
Carcharhinus longimanus,Oceanic Whitetip Shark,NA,62.335333,-10.888733
Carcharhinus longimanus,Oceanic Whitetip Shark,NA,62.335333,-11.117367
Carcharhinus longimanus,Oceanic Whitetip Shark,NA,62.335333,-10.871967
Carcharhinus longimanus,Oceanic Whitetip Shark,NA,62.285033,-10.821567
Carcharhinus longimanus,Oceanic Whitetip Shark,NA,62.45275,-11.134133
Carcharhinus longimanus,Oceanic Whitetip Shark,NA,62.2516,-11.033633
Carcharhinus longimanus,Oceanic Whitetip Shark,NA,60.50305,-10.436013
Carcharhinus longimanus,Oceanic Whitetip Shark,NA,60.519787,-10.419187
Carcharhinus longimanus,Oceanic Whitetip Shark,NA,61.85517,-10.536583
Carcharhinus longimanus,Oceanic Whitetip Shark,NA,60.771327,-10.20123
Carcharhinus longimanus,Oceanic Whitetip Shark,NA,59.687513,-9.620387
Carcharhinus longimanus,Oceanic Whitetip Shark,NA,57.821637,-20.15094
Carcharhinus longimanus,Oceanic Whitetip Shark,NA,57.335393,-20.2012
Carcharhinus longimanus,Oceanic Whitetip Shark,NA,61.838333,-19.7042
Carcharhinus longimanus,Oceanic Whitetip Shark,NA,56.435993,-22.80485
Carcharhinus longimanus,Oceanic Whitetip Shark,NA,56.435993,-22.80485
Carcharhinus longimanus,Oceanic Whitetip Shark,NA,57.033583,-18.268267
Carcharhinus longimanus,Oceanic Whitetip Shark,NA,57.033583,-18.268267
Carcharhinus longimanus,Oceanic Whitetip Shark,NA,56.938933,-19.218017
Carcharhinus longimanus,Oceanic Whitetip Shark,NA,56.938933,-19.218017
Carcharhinus longimanus,Oceanic Whitetip Shark,NA,56.938933,-19.218017
Carcharhinus longimanus,Oceanic Whitetip Shark,NA,56.938933,-19.218017
Carcharhinus longimanus,Oceanic Whitetip Shark,NA,56.938933,-19.218017
Carcharhinus longimanus,Oceanic Whitetip Shark,NA,56.938933,-19.218017
Carcharhinus longimanus,Oceanic Whitetip Shark,NA,56.938933,-19.218017
Carcharhinus longimanus,Oceanic Whitetip Shark,NA,51.7042,14.8552
Carcharhinus longimanus,Oceanic Whitetip Shark,NA,48.821567,11.972467
Carcharhinus longimanus,Oceanic Whitetip Shark,NA,47.335333,12.268267
Carcharhinus longimanus,Oceanic Whitetip Shark,NA,48.2516,11.3019
Carcharhinus longimanus,Oceanic Whitetip Shark,NA,40.821567,-3.3018
Carcharhinus longimanus,Oceanic Whitetip Shark,NA,40.7042,-3.134233
Carcharhinus longimanus,Oceanic Whitetip Shark,NA,40.7042,-3.134233
Carcharhinus longimanus,Oceanic Whitetip Shark,NA,40.7042,-3.134233
Carcharhinus longimanus,Oceanic Whitetip Shark,NA,40.7042,-3.134233
Carcharhinus longimanus,Oceanic Whitetip Shark,NA,40.838333,-3.067167
Carcharhinus longimanus,Oceanic Whitetip Shark,NA,40.721067,-3.167767
Carcharhinus longimanus,Oceanic Whitetip Shark,NA,40.721067,-3.167767
Carcharhinus longimanus,Oceanic Whitetip Shark,NA,40.7043,-3.3019
Carcharhinus longimanus,Oceanic Whitetip Shark,NA,40.7545,-3.385633
Carcharhinus longimanus,Oceanic Whitetip Shark,NA,40.7545,-3.385633
Carcharhinus longimanus,Oceanic Whitetip Shark,NA,40.7545,-3.385633
Carcharhinus longimanus,Oceanic Whitetip Shark,NA,40.788133,-3.4527
Carcharhinus longimanus,Oceanic Whitetip Shark,NA,40.788133,-3.4527
Carcharhinus longimanus,Oceanic Whitetip Shark,NA,40.788133,-3.4527
Carcharhinus longimanus,Oceanic Whitetip Shark,NA,40.788133,-3.4527
Carcharhinus longimanus,Oceanic Whitetip Shark,NA,40.788133,-3.4527
Carcharhinus longimanus,Oceanic Whitetip Shark,NA,40.838333,-2.9055
Carcharhinus longimanus,Oceanic Whitetip Shark,NA,40.838333,-2.9055
Carcharhinus longimanus,Oceanic Whitetip Shark,NA,40.771367,-3.419167
Carcharhinus longimanus,Oceanic Whitetip Shark,NA,40.771367,-3.419167
Carcharhinus longimanus,Oceanic Whitetip Shark,NA,40.838333,-3.586933
Carcharhinus longimanus,Oceanic Whitetip Shark,NA,54.721067,-0.083833
Carcharhinus longimanus,Oceanic Whitetip Shark,NA,50.285133,1.469467
Carcharhinus longimanus,Oceanic Whitetip Shark,NA,50.586933,0.4024
Carcharhinus longimanus,Oceanic Whitetip Shark,NA,50.586933,0.4024
Carcharhinus longimanus,Oceanic Whitetip Shark,NA,51.3521,1.3019
Carcharhinus longimanus,Oceanic Whitetip Shark,NA,52.20125,-26.55333
Carcharhinus longimanus,Oceanic Whitetip Shark,NA,52.20125,-26.55333
Carcharhinus longimanus,Oceanic Whitetip Shark,NA,60.234833,-0.45275
Carcharhinus longimanus,Oceanic Whitetip Shark,NA,60.234833,-0.45275
Carcharhinus longimanus,Oceanic Whitetip Shark,NA,60.033583,-3.536583
Carcharhinus longimanus,Oceanic Whitetip Shark,NA,61.217967,-3.067067
Carcharhinus longimanus,Oceanic Whitetip Shark,NA,59.9055,-2.167667
Carcharhinus longimanus,Oceanic Whitetip Shark,NA,60.05032,-2.15092
Carcharhinus longimanus,Oceanic Whitetip Shark,NA,60.05032,-2.15092
Carcharhinus longimanus,Oceanic Whitetip Shark,NA,60.05032,-2.15092
Carcharhinus longimanus,Oceanic Whitetip Shark,NA,60.0504,-1.167667
Carcharhinus longimanus,Oceanic Whitetip Shark,NA,60.40245,-2.15095
Carcharhinus longimanus,Oceanic Whitetip Shark,NA,60.40245,-2.15095
Carcharhinus longimanus,Oceanic Whitetip Shark,NA,59.117467,-1.788033
Carcharhinus longimanus,Oceanic Whitetip Shark,NA,58.285033,0.1509
Carcharhinus longimanus,Oceanic Whitetip Shark,NA,57.184493,1.486283
Carcharhinus longimanus,Oceanic Whitetip Shark,NA,57.184493,1.486283
Carcharhinus longimanus,Oceanic Whitetip Shark,NA,56.067167,0.788083
Carcharhinus longimanus,Oceanic Whitetip Shark,NA,56.067167,0.788083
Carcharhinus longimanus,Oceanic Whitetip Shark,NA,56.033533,0.503
Carcharhinus longimanus,Oceanic Whitetip Shark,NA,56.033533,0.469467
Carcharhinus longimanus,Oceanic Whitetip Shark,NA,56.033533,0.469467
Carcharhinus longimanus,Oceanic Whitetip Shark,NA,56.033533,0.469467
Carcharhinus longimanus,Oceanic Whitetip Shark,NA,56.033533,0.469467
Carcharhinus longimanus,Oceanic Whitetip Shark,NA,54.469517,1.620467
Carcharhinus longimanus,Oceanic Whitetip Shark,NA,54.469517,1.620467
Carcharhinus longimanus,Oceanic Whitetip Shark,NA,54.469517,1.620467
Carcharhinus longimanus,Oceanic Whitetip Shark,NA,52.922227,0.05031
Carcharhinus longimanus,Oceanic Whitetip Shark,NA,55.922187,0.385713
Carcharhinus longimanus,Oceanic Whitetip Shark,NA,56.838333,-0.067147
Carcharhinus longimanus,Oceanic Whitetip Shark,NA,56.838333,-0.067147
Carcharhinus longimanus,Oceanic Whitetip Shark,NA,56.838333,-0.067147
Carcharhinus longimanus,Oceanic Whitetip Shark,NA,56.838333,-0.067147
Carcharhinus longimanus,Oceanic Whitetip Shark,NA,60.234813,-1.486283
Carcharhinus longimanus,Oceanic Whitetip Shark,NA,59.067147,-1.30181
Carcharhinus longimanus,Oceanic Whitetip Shark,NA,59.821597,-3.20123
Carcharhinus longimanus,Oceanic Whitetip Shark,NA,60.234833,-4.419167
Carcharhinus longimanus,Oceanic Whitetip Shark,NA,60.75455,-6.20125
Carcharhinus longimanus,Oceanic Whitetip Shark,NA,61.268287,-11.938963
Carcharhinus longimanus,Oceanic Whitetip Shark,NA,56.586833,-4.318567
Carcharhinus longimanus,Oceanic Whitetip Shark,NA,44.888633,-4.888633
Carcharhinus longimanus,Oceanic Whitetip Shark,NA,47.9557,-1.3522
Carcharhinus longimanus,Oceanic Whitetip Shark,NA,52.721067,-0.938933
Carcharhinus longimanus,Oceanic Whitetip Shark,NA,41.469567,-19.083933
Carcharhinus longimanus,Oceanic Whitetip Shark,NA,41.6037,-20.2013
Carcharhinus longimanus,Oceanic Whitetip Shark,NA,41.6037,-20.2013
Carcharhinus longimanus,Oceanic Whitetip Shark,NA,42.586933,-20.285033
Carcharhinus longimanus,Oceanic Whitetip Shark,NA,43.4024,-23.5534
Carcharhinus longimanus,Oceanic Whitetip Shark,NA,43.184533,-21.268267
Carcharhinus longimanus,Oceanic Whitetip Shark,NA,42.838333,-21.6539
Carcharhinus longimanus,Oceanic Whitetip Shark,NA,46.519767,-14.637133
Carcharhinus longimanus,Oceanic Whitetip Shark,NA,45.1509,-14.687533
Carcharhinus longimanus,Oceanic Whitetip Shark,NA,45.1509,-14.687533
Carcharhinus longimanus,Oceanic Whitetip Shark,NA,42.771267,-15.368867
Carcharhinus longimanus,Oceanic Whitetip Shark,NA,47,-14.3521
Carcharhinus longimanus,Oceanic Whitetip Shark,NA,58.838333,-8.9557
Carcharhinus longimanus,Oceanic Whitetip Shark,NA,59.4527,-8.687433
Carcharhinus longimanus,Oceanic Whitetip Shark,NA,59.4527,-8.687433
Carcharhinus longimanus,Oceanic Whitetip Shark,NA,59.6539,-9.871967
Carcharhinus longimanus,Oceanic Whitetip Shark,NA,56.469567,-10.503
Carcharhinus longimanus,Oceanic Whitetip Shark,NA,56.469567,-10.503
Carcharhinus longimanus,Oceanic Whitetip Shark,NA,56.7042,-10.5533
Carcharhinus longimanus,Oceanic Whitetip Shark,NA,50.0504,-2.95572
Carcharhinus longimanus,Oceanic Whitetip Shark,NA,48.45277,-4.670707
Carcharhinus longimanus,Oceanic Whitetip Shark,NA,47.60363,-5.570117
Carcharhinus longimanus,Oceanic Whitetip Shark,NA,48.117417,-5.067137
Carcharhinus longimanus,Oceanic Whitetip Shark,NA,47.134153,-5.35211
Carcharhinus longimanus,Oceanic Whitetip Shark,NA,47.134153,-5.35211
Carcharhinus longimanus,Oceanic Whitetip Shark,NA,49.30188,-3.95572
Carcharhinus longimanus,Oceanic Whitetip Shark,NA,49.419187,-3.838383
Carcharhinus longimanus,Oceanic Whitetip Shark,NA,50.536603,-2.45277
Carcharhinus longimanus,Oceanic Whitetip Shark,NA,50.536603,-2.45277
Carcharhinus longimanus,Oceanic Whitetip Shark,NA,51.989243,-1.033543
Carcharhinus longimanus,Oceanic Whitetip Shark,NA,36,-25.586843
Carcharhinus longimanus,Oceanic Whitetip Shark,NA,36.184453,-25.35215
Carcharhinus longimanus,Oceanic Whitetip Shark,NA,36.184453,-25.35215
Carcharhinus longimanus,Oceanic Whitetip Shark,NA,36.184453,-25.35215
Carcharhinus longimanus,Oceanic Whitetip Shark,NA,36.184453,-25.35215
Carcharhinus longimanus,Oceanic Whitetip Shark,NA,36.184453,-25.35215
Carcharhinus longimanus,Oceanic Whitetip Shark,NA,35.50305,-25.2012
Carcharhinus longimanus,Oceanic Whitetip Shark,NA,35.687443,-25.435993
Carcharhinus longimanus,Oceanic Whitetip Shark,NA,35.50308,-25.536533
Carcharhinus longimanus,Oceanic Whitetip Shark,NA,35.50308,-25.536533
Carcharhinus longimanus,Oceanic Whitetip Shark,NA,35.7042,-25.385733
Carcharhinus longimanus,Oceanic Whitetip Shark,NA,35.7042,-25.385733
Carcharhinus longimanus,Oceanic Whitetip Shark,NA,35.586853,-25.234813
Carcharhinus longimanus,Oceanic Whitetip Shark,NA,35.586853,-25.234813
Carcharhinus longimanus,Oceanic Whitetip Shark,NA,35.586853,-25.234813
Carcharhinus longimanus,Oceanic Whitetip Shark,NA,35.4024,-25.637213
Carcharhinus longimanus,Oceanic Whitetip Shark,NA,35.670687,-25.234813
Carcharhinus longimanus,Oceanic Whitetip Shark,NA,35.737743,-25.218057
Carcharhinus longimanus,Oceanic Whitetip Shark,NA,35.737743,-25.218057
Carcharhinus longimanus,Oceanic Whitetip Shark,NA,35.737743,-25.218057
Carcharhinus longimanus,Oceanic Whitetip Shark,NA,35.737743,-25.218057
Carcharhinus longimanus,Oceanic Whitetip Shark,NA,35.788063,-25.620437
Carcharhinus longimanus,Oceanic Whitetip Shark,NA,35.0503,-25.938963
Carcharhinus longimanus,Oceanic Whitetip Shark,NA,34.871867,-26.268317
Carcharhinus longimanus,Oceanic Whitetip Shark,NA,34.55338,-26.083853
Carcharhinus longimanus,Oceanic Whitetip Shark,NA,34.234753,-26.30182
Carcharhinus longimanus,Oceanic Whitetip Shark,NA,40.0503,-18.972497
Carcharhinus longimanus,Oceanic Whitetip Shark,NA,40.519767,-17.5534
Carcharhinus longimanus,Oceanic Whitetip Shark,NA,36.989233,-21.167767
Carcharhinus longimanus,Oceanic Whitetip Shark,NA,36.989233,-21.167767
Carcharhinus longimanus,Oceanic Whitetip Shark,NA,37.1509,-21.771317
Carcharhinus longimanus,Oceanic Whitetip Shark,NA,35.922227,-23.117467
Carcharhinus longimanus,Oceanic Whitetip Shark,NA,35.922227,-23.117467
Carcharhinus longimanus,Oceanic Whitetip Shark,NA,36.586843,-23.6539
Carcharhinus longimanus,Oceanic Whitetip Shark,NA,36.586843,-23.6539
Carcharhinus longimanus,Oceanic Whitetip Shark,NA,36.335373,-24.218007
Carcharhinus longimanus,Oceanic Whitetip Shark,NA,36.335373,-24.218007
Carcharhinus longimanus,Oceanic Whitetip Shark,NA,36.419217,-21.083883
Carcharhinus longimanus,Oceanic Whitetip Shark,NA,36.419217,-21.083883
Carcharhinus longimanus,Oceanic Whitetip Shark,NA,40.989233,-15.00005
Carcharhinus longimanus,Oceanic Whitetip Shark,NA,40.989233,-15.00005
Carcharhinus longimanus,Oceanic Whitetip Shark,NA,40.989233,-15.00005
Carcharhinus longimanus,Oceanic Whitetip Shark,NA,40.721057,-13.15095
Carcharhinus longimanus,Oceanic Whitetip Shark,NA,40.721057,-13.15095
Carcharhinus longimanus,Oceanic Whitetip Shark,NA,40.721037,-12.016787
Carcharhinus longimanus,Oceanic Whitetip Shark,NA,40.721037,-12.016787
Carcharhinus longimanus,Oceanic Whitetip Shark,NA,40.721037,-12.016787
Carcharhinus longimanus,Oceanic Whitetip Shark,NA,59.167667,6.8552
Carcharhinus longimanus,Oceanic Whitetip Shark,NA,59.771267,6.134133
Carcharhinus longimanus,Oceanic Whitetip Shark,NA,57.536533,5.5534
Carcharhinus longimanus,Oceanic Whitetip Shark,NA,57.536533,5.5534
Carcharhinus longimanus,Oceanic Whitetip Shark,NA,57.0504,6.3522
Carcharhinus longimanus,Oceanic Whitetip Shark,NA,57.0504,6.3522
Carcharhinus longimanus,Oceanic Whitetip Shark,NA,61.1006,0.871867
Carcharhinus longimanus,Oceanic Whitetip Shark,NA,55.721067,0.335333
Carcharhinus longimanus,Oceanic Whitetip Shark,NA,55.6539,0.318567
Carcharhinus longimanus,Oceanic Whitetip Shark,NA,55.821567,0.368867
Carcharhinus longimanus,Oceanic Whitetip Shark,NA,56.067167,0.268267
Carcharhinus longimanus,Oceanic Whitetip Shark,NA,59.419167,-2.65395
Carcharhinus longimanus,Oceanic Whitetip Shark,NA,59.938933,-8.938933
Carcharhinus longimanus,Oceanic Whitetip Shark,NA,60.067167,-9.687533
Carcharhinus longimanus,Oceanic Whitetip Shark,NA,60,-9
Carcharhinus longimanus,Oceanic Whitetip Shark,NA,60.067167,-9.318667
Carcharhinus longimanus,Oceanic Whitetip Shark,NA,60.3522,-11.0001
Carcharhinus longimanus,Oceanic Whitetip Shark,NA,58.7043,5.670667
Carcharhinus longimanus,Oceanic Whitetip Shark,NA,58.3019,6.2012
Carcharhinus longimanus,Oceanic Whitetip Shark,NA,56.234833,4.8048
Carcharhinus longimanus,Oceanic Whitetip Shark,NA,56.234833,4.8048
Carcharhinus longimanus,Oceanic Whitetip Shark,NA,56.234833,4.8048
Carcharhinus longimanus,Oceanic Whitetip Shark,NA,103.2515,-11.821567
Carcharhinus longimanus,Oceanic Whitetip Shark,NA,101.368917,-13.1006
Carcharhinus longimanus,Oceanic Whitetip Shark,NA,101.368917,-13.1006
Carcharhinus longimanus,Oceanic Whitetip Shark,NA,36.285133,-22.7043
Carcharhinus longimanus,Oceanic Whitetip Shark,NA,55.35211,-7.318617
Carcharhinus longimanus,Oceanic Whitetip Shark,NA,62.335333,17.016767
Carcharhinus longimanus,Oceanic Whitetip Shark,NA,65.586933,15.5533
Carcharhinus longimanus,Oceanic Whitetip Shark,NA,64,20.318667
Carcharhinus longimanus,Oceanic Whitetip Shark,NA,64.40241,22.570097
Carcharhinus longimanus,Oceanic Whitetip Shark,NA,64.40241,22.570097
Carcharhinus longimanus,Oceanic Whitetip Shark,NA,64.0503,22.318667
Carcharhinus longimanus,Oceanic Whitetip Shark,NA,62,-0.45
Carcharhinus longimanus,Oceanic Whitetip Shark,NA,40.46,-20.3
Carcharhinus longimanus,Oceanic Whitetip Shark,NA,41.84,-17.67
Carcharhinus longimanus,Oceanic Whitetip Shark,NA,40.16,-22.67
Carcharhinus longimanus,Oceanic Whitetip Shark,NA,40.99,-22.8
Carcharhinus longimanus,Oceanic Whitetip Shark,NA,55.2202,0.1392
Carcharhinus longimanus,Oceanic Whitetip Shark,NA,54.82,-3.42
Carcharhinus longimanus,Oceanic Whitetip Shark,NA,54.53,-3.63
Carcharhinus longimanus,Oceanic Whitetip Shark,NA,53.25,-4.78
Carcharhinus longimanus,Oceanic Whitetip Shark,2023-11-25T11:51:00Z,35.947054,23.583976
Carcharhinus longimanus,Oceanic Whitetip Shark,2023-11-25T12:17:00Z,35.920294,23.439226
Carcharhinus longimanus,Oceanic Whitetip Shark,2023-11-25T11:50:00Z,35.962281,23.435176
Carcharhinus longimanus,Oceanic Whitetip Shark,2023-11-25T12:06:00Z,35.808014,23.506303
Carcharhinus longimanus,Oceanic Whitetip Shark,NA,38.467429,20.060235
Carcharhinus longimanus,Oceanic Whitetip Shark,NA,53.267271,12.410531
Carcharhinus longimanus,Oceanic Whitetip Shark,2022-10-31T06:12:00Z,35.816482,24.862623
Carcharhinus longimanus,Oceanic Whitetip Shark,2022-11-21T20:50:00Z,35.286605,25.086751
Carcharhinus longimanus,Oceanic Whitetip Shark,2021-10-05T16:41:00Z,34.867939,26.399893
Carcharhinus longimanus,Oceanic Whitetip Shark,NA,34.875617,25.267879
Carcharhinus longimanus,Oceanic Whitetip Shark,2021-09-21T16:37:00Z,35.971492,24.90123
Carcharhinus longimanus,Oceanic Whitetip Shark,2022-11-17T07:00:00Z,34.939784,25.383489
Carcharhinus longimanus,Oceanic Whitetip Shark,2022-11-07T09:57:00Z,35.9985,24.869647
Carcharhinus longimanus,Oceanic Whitetip Shark,2022-11-06T06:50:00Z,35.977962,24.94228
Carcharhinus longimanus,Oceanic Whitetip Shark,2022-11-07T09:52:00Z,35.825003,24.890901
Carcharhinus longimanus,Oceanic Whitetip Shark,2022-11-06T10:24:00Z,35.895192,24.816575
Carcharhinus longimanus,Oceanic Whitetip Shark,2022-11-07T09:57:00Z,35.853498,24.879595
Carcharhinus longimanus,Oceanic Whitetip Shark,NA,34.863439,25.308377
Carcharhinus longimanus,Oceanic Whitetip Shark,2019-12-03T09:59:00Z,35.225381,25.024556
Carcharhinus longimanus,Oceanic Whitetip Shark,2021-10-01T16:53:00Z,34.887043,25.360414
Carcharhinus longimanus,Oceanic Whitetip Shark,NA,48.850136,-9.133472
Carcharhinus longimanus,Oceanic Whitetip Shark,NA,57.883472,-10.950139
Carcharhinus longimanus,Oceanic Whitetip Shark,NA,70,-12.800139
Carcharhinus longimanus,Oceanic Whitetip Shark,NA,43.633472,-13.800139
Carcharhinus longimanus,Oceanic Whitetip Shark,NA,70.38347,-3.366806
Carcharhinus longimanus,Oceanic Whitetip Shark,NA,58.466805,-6.283472
Carcharhinus longimanus,Oceanic Whitetip Shark,NA,63.466805,-5.716805
Carcharhinus longimanus,Oceanic Whitetip Shark,NA,62.90014,-4.316805
Carcharhinus longimanus,Oceanic Whitetip Shark,NA,62.90014,-4.316805
Carcharhinus longimanus,Oceanic Whitetip Shark,NA,62.90014,-4.316805
Carcharhinus longimanus,Oceanic Whitetip Shark,NA,48.516804,-5.950139
Carcharhinus longimanus,Oceanic Whitetip Shark,NA,47.800137,-5.900139
Carcharhinus longimanus,Oceanic Whitetip Shark,NA,48.850136,-6.150139
Carcharhinus longimanus,Oceanic Whitetip Shark,NA,57.816803,6.266806
Carcharhinus longimanus,Oceanic Whitetip Shark,NA,44.266804,-3.916806
Carcharhinus longimanus,Oceanic Whitetip Shark,NA,49.416805,-3.383472
Carcharhinus longimanus,Oceanic Whitetip Shark,NA,48.500137,-7.950139
Carcharhinus longimanus,Oceanic Whitetip Shark,NA,48.500137,-7.950139
Carcharhinus longimanus,Oceanic Whitetip Shark,NA,48.500137,-7.950139
Carcharhinus longimanus,Oceanic Whitetip Shark,NA,48.500137,-7.950139
Carcharhinus longimanus,Oceanic Whitetip Shark,NA,48.500137,-7.950139
Carcharhinus longimanus,Oceanic Whitetip Shark,NA,48.500137,-7.950139
Carcharhinus longimanus,Oceanic Whitetip Shark,NA,48.566803,-7.966805
Carcharhinus longimanus,Oceanic Whitetip Shark,NA,48.566803,-7.966805
Carcharhinus longimanus,Oceanic Whitetip Shark,NA,52.600136,-3.066806
Carcharhinus longimanus,Oceanic Whitetip Shark,NA,52.600136,-3.066806
Carcharhinus longimanus,Oceanic Whitetip Shark,NA,52.600136,-3.066806
Carcharhinus longimanus,Oceanic Whitetip Shark,NA,52.600136,-3.066806
Carcharhinus longimanus,Oceanic Whitetip Shark,NA,52.600136,-3.066806
Carcharhinus longimanus,Oceanic Whitetip Shark,NA,52.600136,-3.066806
Carcharhinus longimanus,Oceanic Whitetip Shark,NA,52.600136,-3.066806
Carcharhinus longimanus,Oceanic Whitetip Shark,NA,57.18347,-5.950139
Carcharhinus longimanus,Oceanic Whitetip Shark,NA,57.18347,-5.950139
Carcharhinus longimanus,Oceanic Whitetip Shark,NA,57.18347,-5.950139
Carcharhinus longimanus,Oceanic Whitetip Shark,NA,57.18347,-5.950139
Carcharhinus longimanus,Oceanic Whitetip Shark,NA,57.18347,-5.950139
Carcharhinus longimanus,Oceanic Whitetip Shark,NA,57.18347,-5.950139
Carcharhinus longimanus,Oceanic Whitetip Shark,NA,45.950138,-6.366806
Carcharhinus longimanus,Oceanic Whitetip Shark,NA,40.46,-20.3
Carcharhinus longimanus,Oceanic Whitetip Shark,NA,41.84,-17.67
Carcharhinus longimanus,Oceanic Whitetip Shark,NA,40.99,-22.8
Carcharhinus longimanus,Oceanic Whitetip Shark,NA,40.1599,-22.67
Carcharhinus longimanus,Oceanic Whitetip Shark,NA,34.901093,26.377242
Carcharhinus longimanus,Oceanic Whitetip Shark,2021-11-16T15:05:00Z,34.975352,25.267918
Carcharhinus longimanus,Oceanic Whitetip Shark,2017-10-04T11:29:00Z,34.830394,26.249191
Carcharhinus longimanus,Oceanic Whitetip Shark,NA,34.976051,26.267294
Carcharhinus longimanus,Oceanic Whitetip Shark,2019-10-23T12:07:00Z,34.989564,25.220509
Carcharhinus longimanus,Oceanic Whitetip Shark,2019-10-23T09:55:00Z,34.854921,25.275844
Carcharhinus longimanus,Oceanic Whitetip Shark,2008-09-26T18:47:00Z,34.86031,26.363818
Carcharhinus longimanus,Oceanic Whitetip Shark,2018-10-07T05:01:00Z,34.711934,27.012484
Carcharhinus longimanus,Oceanic Whitetip Shark,NA,35.082648,25.194105
Carcharhinus longimanus,Oceanic Whitetip Shark,2019-12-05T14:46:00Z,34.999559,25.292203
Carcharhinus longimanus,Oceanic Whitetip Shark,2005-12-09T13:03:00Z,36.270494,23.801668
Carcharhinus longimanus,Oceanic Whitetip Shark,2019-12-03T08:05:00Z,34.956033,25.274339
Carcharhinus longimanus,Oceanic Whitetip Shark,2020-12-14T08:03:00Z,34.932409,25.347577
Carcharhinus longimanus,Oceanic Whitetip Shark,2018-12-11T11:40:00Z,35.367302,25.314718
Carcharhinus longimanus,Oceanic Whitetip Shark,NA,35.033598,25.388659
Carcharhinus longimanus,Oceanic Whitetip Shark,NA,34.889536,25.289796
Carcharhinus longimanus,Oceanic Whitetip Shark,NA,34.952675,25.229815
Carcharhinus longimanus,Oceanic Whitetip Shark,2019-08-06T08:37:00Z,35.995618,24.989451
Carcharhinus longimanus,Oceanic Whitetip Shark,2008-12-08T11:05:00Z,35.095998,24.972306
Carcharhinus longimanus,Oceanic Whitetip Shark,2018-11-05T12:20:00Z,34.918232,26.339043
Carcharhinus longimanus,Oceanic Whitetip Shark,NA,56.4359,-22.8048
Carcharhinus longimanus,Oceanic Whitetip Shark,2019-08-08T09:56:00Z,34.8617,25.3083
Carcharhinus longimanus,Oceanic Whitetip Shark,2015-11-11T23:11:00Z,35.815863,24.927032
Carcharhinus longimanus,Oceanic Whitetip Shark,NA,36.422,-18.676
Carcharhinus longimanus,Oceanic Whitetip Shark,NA,38.575,-17.116
Carcharhinus longimanus,Oceanic Whitetip Shark,NA,36.328,-18.846
Carcharhinus longimanus,Oceanic Whitetip Shark,NA,36.328,-18.846
Carcharhinus longimanus,Oceanic Whitetip Shark,2017-11-01T10:56:00Z,35.8333,24.95
Carcharhinus longimanus,Oceanic Whitetip Shark,2017-11-01T15:01:00Z,35.8333,24.95
Carcharhinus longimanus,Oceanic Whitetip Shark,2017-11-02T07:24:00Z,34.8267,25.5722
Carcharhinus longimanus,Oceanic Whitetip Shark,2017-10-31T11:30:00Z,35.8717,24.9314
Carcharhinus longimanus,Oceanic Whitetip Shark,2017-10-31T15:10:00Z,35.8717,24.9314
Carcharhinus longimanus,Oceanic Whitetip Shark,2017-10-31T07:57:00Z,35.8717,24.9314
Carcharhinus longimanus,Oceanic Whitetip Shark,NA,35.56368,-23.8527
Carcharhinus longimanus,Oceanic Whitetip Shark,NA,35.56368,-23.8527
Carcharhinus longimanus,Oceanic Whitetip Shark,NA,35.50786,-21.31902
Carcharhinus longimanus,Oceanic Whitetip Shark,NA,35.39292,-22.13317
Carcharhinus longimanus,Oceanic Whitetip Shark,NA,34.615752,26.340094
Carcharhinus longimanus,Oceanic Whitetip Shark,NA,34.663067,26.327294
Carcharhinus longimanus,Oceanic Whitetip Shark,NA,34.796192,26.289103
Carcharhinus longimanus,Oceanic Whitetip Shark,NA,34.738048,26.20833
Carcharhinus longimanus,Oceanic Whitetip Shark,NA,38.286667,-28.862222
Carcharhinus longimanus,Oceanic Whitetip Shark,2017-07-18T12:19:00Z,34.8267,25.5722
Carcharhinus longimanus,Oceanic Whitetip Shark,2017-07-18T08:05:00Z,34.8267,25.5722
Carcharhinus longimanus,Oceanic Whitetip Shark,2015-11-29T09:40:00Z,72.8126,4.12166
Carcharhinus longimanus,Oceanic Whitetip Shark,NA,92.55,19.38
Carcharhinus longimanus,Oceanic Whitetip Shark,2016-06-02T08:17:00Z,35.8594,24.3671
Carcharhinus longimanus,Oceanic Whitetip Shark,NA,35.766666,-24.316668
Carcharhinus longimanus,Oceanic Whitetip Shark,2004-11-15T12:30:00Z,34.8612,25.3111
Carcharhinus longimanus,Oceanic Whitetip Shark,2004-11-15T12:30:00Z,34.8612,25.3111
Carcharhinus longimanus,Oceanic Whitetip Shark,NA,55.566803,-12.366806
