id,rep,date,lon,lat,type
NA,NA,NA,104.76399638724295,-21.282215754645808,background
NA,NA,NA,82.15012589828322,-19.0270308182662,background
NA,NA,NA,104.4322539898556,1.8805314313302637,background
NA,NA,NA,83.81995596348803,-5.774738150040073,background
NA,NA,NA,85.75822434558185,0.04349268275907525,background
NA,NA,NA,106.85360736300872,-17.363034964695238,background
NA,NA,NA,103.71948200035423,8.130770471073017,background
NA,NA,NA,98.88186075663498,-14.339284410723344,background
NA,NA,NA,73.48545382092728,-26.17896200097744,background
NA,NA,NA,104.9059932247944,-16.70232048460156,background
NA,NA,NA,66.67192807021523,8.287565860441493,background
NA,NA,NA,101.8134454291166,-30.270628515507084,background
NA,NA,NA,90.06974827954502,15.34781630080133,background
NA,NA,NA,108.2752646652035,-26.571662527516764,background
NA,NA,NA,33.248294541537874,-26.92538337761569,background
NA,NA,NA,36.456419803969766,23.241583361334964,background
NA,NA,NA,69.58810636350083,-1.8821568645398017,background
NA,NA,NA,103.43756703786552,-21.63951182151883,background
NA,NA,NA,93.72790859425066,18.63895446620596,background
NA,NA,NA,54.1862171364599,8.052949737981448,background
NA,NA,NA,55.20048668827131,-31.260882934277134,background
NA,NA,NA,58.797560342207774,8.598112728611277,background
NA,NA,NA,102.0011018587346,-28.01524003570956,background
NA,NA,NA,81.97922429009898,-26.427731466313485,background
NA,NA,NA,95.87033694823856,10.621995180891398,background
NA,NA,NA,102.00588594289302,-22.348340162983813,background
NA,NA,NA,54.46125540596681,-13.5133917858642,background
NA,NA,NA,64.46145016226957,9.78911125067226,background
NA,NA,NA,91.15309921982004,-32.29349229394275,background
NA,NA,NA,49.4933813333903,-18.04448286258475,background
NA,NA,NA,71.92696267835498,-18.245560674714984,background
NA,NA,NA,80.95371510916809,-18.086766421996924,background
NA,NA,NA,94.3201748983716,12.361697797882638,background
NA,NA,NA,60.78829203148625,8.59561203547296,background
NA,NA,NA,103.5629126654298,-5.65558590058494,background
NA,NA,NA,67.46668497987588,-22.71955859075365,background
NA,NA,NA,91.68618701484442,-25.75227981129403,background
NA,NA,NA,60.12566597872521,2.7302435399842855,background
NA,NA,NA,68.62454347776989,-28.89573078552644,background
NA,NA,NA,52.33895000124788,14.600108909184858,background
NA,NA,NA,102.38640510885114,-18.939258807371388,background
NA,NA,NA,61.08812709358984,-10.299789025360235,background
NA,NA,NA,89.66487184551815,-30.151139875259,background
NA,NA,NA,49.32537399777391,-0.505262417488657,background
NA,NA,NA,45.73090565539091,-31.741075563443847,background
NA,NA,NA,83.77464882153814,7.583197203771201,background
NA,NA,NA,69.80712205681519,-28.821061647138045,background
NA,NA,NA,78.75870621352877,-23.685060010599617,background
NA,NA,NA,51.8842028227741,-23.000085551778486,background
NA,NA,NA,67.72684727555811,3.74470630364608,background
NA,NA,NA,63.797660142634136,-15.5470996299798,background
NA,NA,NA,104.09252669957448,-27.650688184433164,background
NA,NA,NA,94.0594667530384,16.72681668762306,background
NA,NA,NA,61.30973671558648,10.327315497306827,background
NA,NA,NA,57.55210507760454,4.3767089583444925,background
NA,NA,NA,51.49576391037051,-28.132572293470673,background
NA,NA,NA,94.22746496414528,-24.330345261490283,background
NA,NA,NA,63.57140490683029,-5.861735430303711,background
NA,NA,NA,79.09126081975248,8.323239396602155,background
NA,NA,NA,90.61842712946728,-26.63403608614586,background
NA,NA,NA,65.44961332670931,-22.60542651737443,background
NA,NA,NA,82.351164031249,-15.10208575838698,background
NA,NA,NA,70.13605849450241,9.06643506026045,background
NA,NA,NA,60.44910053750429,9.709947252984612,background
NA,NA,NA,52.52347360974347,14.565251855030516,background
NA,NA,NA,60.404551294435805,16.120465216631644,background
NA,NA,NA,97.70488610166127,12.3029110632053,background
NA,NA,NA,45.68220228357345,-28.302464421927606,background
NA,NA,NA,60.62814042504785,-25.580386800005055,background
NA,NA,NA,42.97287186784858,-19.27338685032732,background
NA,NA,NA,80.6893858266456,-29.247852865734064,background
NA,NA,NA,42.55431515320994,-22.039891527053065,background
NA,NA,NA,103.51373385384927,-17.215783909494792,background
NA,NA,NA,56.58923498073191,-16.23881578809109,background
NA,NA,NA,50.25414068479362,-1.1886999402901974,background
NA,NA,NA,81.75261015692027,3.754481075752519,background
NA,NA,NA,69.01366452466436,-14.625694544228368,background
NA,NA,NA,49.29503411116917,4.881625803453604,background
NA,NA,NA,55.81548072504945,-5.679953431054847,background
NA,NA,NA,55.97659164344489,-8.305203848488958,background
NA,NA,NA,108.19901898868828,18.114390761461905,background
NA,NA,NA,70.39886460316154,17.225414969521424,background
NA,NA,NA,100.37354790454444,-12.171282955900011,background
NA,NA,NA,55.21146174303962,8.271616854993654,background
NA,NA,NA,75.43646355156835,-10.249988950756954,background
NA,NA,NA,53.51809235556947,-31.632993793740855,background
NA,NA,NA,93.99723217069004,-13.422208194537609,background
NA,NA,NA,55.95745650884239,1.0093802198701036,background
NA,NA,NA,74.20203490158669,-10.135854632438896,background
NA,NA,NA,105.23241643380278,-8.865867691606288,background
NA,NA,NA,71.09425292678793,13.33273037536922,background
NA,NA,NA,72.68971468786648,14.819693768830584,background
NA,NA,NA,62.63819533038576,-4.965570168980304,background
NA,NA,NA,53.400662959420046,2.7175598119059012,background
NA,NA,NA,106.85496383700034,-7.767076191042299,background
NA,NA,NA,98.24114656696342,-27.944552177852252,background
NA,NA,NA,38.75037781318127,-17.767894896280364,background
NA,NA,NA,70.11187042143072,-25.462030052423604,background
NA,NA,NA,95.62631527247432,2.3158261397966045,background
NA,NA,NA,79.7161145174124,-23.41593989362623,background
NA,NA,NA,91.3904772691663,-10.371360139678536,background
NA,NA,NA,57.64457056239591,-3.5722005370879715,background
NA,NA,NA,99.02025488814216,-21.703863676885288,background
NA,NA,NA,72.64181095819559,-13.155049055928307,background
NA,NA,NA,83.13306957008282,6.594701583140834,background
NA,NA,NA,68.48601996399586,-7.694731465527975,background
NA,NA,NA,52.200066515555946,4.418899103107715,background
NA,NA,NA,42.91094143581788,-23.559130154856017,background
NA,NA,NA,85.12491149908377,9.822945708321493,background
NA,NA,NA,89.45373348151813,-11.332223117581648,background
NA,NA,NA,91.87715884683834,-26.99670081707351,background
NA,NA,NA,93.0666011150734,6.087015932221862,background
NA,NA,NA,82.53500423037212,-26.30123736275772,background
NA,NA,NA,63.84167879820534,-24.786997249328557,background
NA,NA,NA,70.8465131681972,-14.18383651361505,background
NA,NA,NA,53.44251045525053,-19.818271908103988,background
NA,NA,NA,66.3696356374582,5.793612253276378,background
NA,NA,NA,40.53580373985997,-25.889354591314827,background
NA,NA,NA,64.72536057334558,-24.14764440836405,background
NA,NA,NA,62.358453968125374,-17.31864807989944,background
NA,NA,NA,56.100736514695136,9.063431229451696,background
NA,NA,NA,43.68014704154291,12.208480965000229,background
NA,NA,NA,59.10811371614385,19.16512541752406,background
NA,NA,NA,54.54819380562014,-24.763078699420326,background
NA,NA,NA,42.48413838650048,-23.86016603887729,background
NA,NA,NA,59.54355111945248,-16.151339447469883,background
NA,NA,NA,107.9209800668527,17.60454051163305,background
NA,NA,NA,68.4979546221227,8.334383437509167,background
NA,NA,NA,41.883874131056,-26.67022000146179,background
NA,NA,NA,91.09536240144185,-20.116278723094258,background
NA,NA,NA,108.25516912588832,20.14849920630535,background
NA,NA,NA,105.29669211975904,-14.954521210538651,background
NA,NA,NA,54.02721405261629,-0.06485408462156281,background
NA,NA,NA,92.50368438776538,-30.377280563908375,background
NA,NA,NA,81.13165965489097,-18.02453708274495,background
NA,NA,NA,81.83429158241528,-26.781377360686065,background
NA,NA,NA,68.00979134066357,15.546816758944084,background
NA,NA,NA,34.662856799962924,28.818714522231765,background
NA,NA,NA,100.27705479568114,-28.940482552793583,background
NA,NA,NA,63.3247894662971,-24.312322017230606,background
NA,NA,NA,80.8805658468001,5.748261563323687,background
NA,NA,NA,49.26748189882034,0.5125622251215854,background
NA,NA,NA,43.70610787386435,-15.000237041208852,background
NA,NA,NA,46.091845208393075,-30.010998962671735,background
NA,NA,NA,68.94361194963253,-7.815621278909289,background
NA,NA,NA,66.81699988569093,-25.329901903430475,background
NA,NA,NA,93.49920170654786,8.923319012211953,background
NA,NA,NA,106.9929573460801,-14.236519336845364,background
NA,NA,NA,72.55725063156197,-8.780395475846836,background
NA,NA,NA,59.09333235674434,-30.31643490491924,background
NA,NA,NA,71.34861842702946,-7.631302812592813,background
NA,NA,NA,95.7400897288602,-21.632570742725232,background
NA,NA,NA,102.11772139547227,10.219242506511206,background
NA,NA,NA,100.72167032639624,-26.01185548669915,background
NA,NA,NA,82.43009131187341,15.394518704122712,background
NA,NA,NA,99.27394215138789,-31.34936578573486,background
NA,NA,NA,107.952073900206,0.09803530810451964,background
NA,NA,NA,98.06459865400166,8.786507335653548,background
NA,NA,NA,43.10644650991483,-2.5327336570237295,background
NA,NA,NA,42.56600619968117,-17.76223091793228,background
NA,NA,NA,99.67776376661544,-32.347633968214765,background
NA,NA,NA,63.20918462601441,7.476852902608837,background
NA,NA,NA,54.511822326814496,-29.948923161527023,background
NA,NA,NA,52.65713701999226,-30.22917565164971,background
NA,NA,NA,55.40181236166916,-3.3522100025737127,background
NA,NA,NA,90.46430815334764,-16.481456318696637,background
NA,NA,NA,83.84009972975178,-1.7582575638108269,background
NA,NA,NA,53.74526219141241,-10.366262729687882,background
NA,NA,NA,75.80518361573581,-27.704548016098254,background
NA,NA,NA,54.42123179213711,-22.08558359082831,background
NA,NA,NA,42.14025902549351,-10.674444368052743,background
NA,NA,NA,65.33815225220968,14.87260327073732,background
NA,NA,NA,54.081634794752574,-14.801369948159108,background
NA,NA,NA,93.47308705065856,-10.80568268465579,background
NA,NA,NA,54.44163951352385,8.297572536365825,background
NA,NA,NA,49.90359994008964,5.189095495590981,background
NA,NA,NA,64.51338781756988,1.6845477233957398,background
NA,NA,NA,60.36579482182478,-15.486150327928309,background
NA,NA,NA,104.11391318396856,-17.84871897960721,background
NA,NA,NA,40.9847914222853,-26.01842754904681,background
NA,NA,NA,55.602839949543096,11.061764635363092,background
NA,NA,NA,58.14951598417961,19.951607480479357,background
NA,NA,NA,97.50257081055018,2.681262458247966,background
NA,NA,NA,62.155612351263954,-32.258500267448326,background
NA,NA,NA,91.263018434335,7.475314802524704,background
NA,NA,NA,56.445030649314944,-28.07837399204076,background
NA,NA,NA,73.80348076918412,-15.183482687245608,background
NA,NA,NA,66.5478161455473,2.7576725384651737,background
NA,NA,NA,103.5822900093182,-18.39489256526231,background
NA,NA,NA,80.39437874105167,-22.192498674830578,background
NA,NA,NA,97.50595818909711,-14.948518311045206,background
NA,NA,NA,62.029727721984045,4.129930722039435,background
NA,NA,NA,74.91321735053265,6.702161565281831,background
NA,NA,NA,92.13279081443258,-31.405841873388532,background
NA,NA,NA,88.98774315889423,-6.292511815267545,background
NA,NA,NA,74.51077606779467,-29.43466361991229,background
NA,NA,NA,76.46460284960557,7.675637598038556,background
NA,NA,NA,99.03372512290876,-0.7092848151761934,background
NA,NA,NA,60.33531735728593,-3.038121283412192,background
NA,NA,NA,80.90830306267748,13.543595513615026,background
NA,NA,NA,85.17076760503818,17.367745559015685,background
NA,NA,NA,54.267688006157144,26.40841086274464,background
NA,NA,NA,83.27745631884001,-10.190372292727242,background
NA,NA,NA,63.104045543525,5.3340766556542505,background
NA,NA,NA,88.03208748934415,-29.539500490091253,background
NA,NA,NA,104.67849086341256,8.863544083005703,background
NA,NA,NA,53.96785447391144,5.616109316397693,background
NA,NA,NA,46.42645026128531,11.564200366453736,background
NA,NA,NA,105.12585318111032,8.2521609637853,background
NA,NA,NA,83.87960444856947,10.918925109700648,background
NA,NA,NA,43.70457590331817,-27.430900229082397,background
NA,NA,NA,49.74096502826413,-9.501525781728764,background
NA,NA,NA,84.63350402649071,-27.24633828336493,background
NA,NA,NA,74.05357197398232,-1.569138183525738,background
NA,NA,NA,71.51467317224419,13.32856363791974,background
NA,NA,NA,77.28330252691103,1.7378704073941122,background
NA,NA,NA,69.3619423363671,9.514554450495885,background
NA,NA,NA,57.178223327569896,-23.141566558472007,background
NA,NA,NA,80.83496633808076,5.710169444854815,background
NA,NA,NA,49.457008415789744,-31.069090660572453,background
NA,NA,NA,57.9740340543372,-23.72110609858489,background
NA,NA,NA,82.62028164146429,-2.9448401526033257,background
NA,NA,NA,46.83557481925814,-7.121569996950122,background
NA,NA,NA,96.3121153575054,-1.0585071732602052,background
NA,NA,NA,59.3524106206267,-31.70512837322326,background
NA,NA,NA,64.24060357510581,-20.71254544234204,background
NA,NA,NA,108.017599188653,-27.007005938823273,background
NA,NA,NA,50.08803060971871,-25.559470033120853,background
NA,NA,NA,52.394412048438824,-12.107115507601462,background
NA,NA,NA,81.50831197755586,16.08657027804432,background
NA,NA,NA,83.44613588129623,-16.707716011477174,background
NA,NA,NA,60.704885600162626,14.551983963228077,background
NA,NA,NA,51.948852012605485,-22.05462057239132,background
NA,NA,NA,97.44457701247242,-1.8765324785754365,background
NA,NA,NA,63.20206867418693,15.338441570238109,background
NA,NA,NA,52.789411719958274,3.224226929109821,background
NA,NA,NA,79.07286202032023,-0.25029960818675767,background
NA,NA,NA,88.47436419517933,3.494367721296496,background
NA,NA,NA,76.2540819836008,-13.564790492065852,background
NA,NA,NA,43.48749724685032,-15.53815349313644,background
NA,NA,NA,58.86512536831815,-2.5444622709325135,background
NA,NA,NA,71.71064718420817,-30.9863119025395,background
NA,NA,NA,50.03613203864485,-3.751215385235084,background
NA,NA,NA,64.23599449576191,-15.45382299388085,background
NA,NA,NA,88.91066219818623,-24.07847416990993,background
NA,NA,NA,54.73034271042589,-1.2746184838884278,background
NA,NA,NA,108.20558446486596,-19.52492072634487,background
NA,NA,NA,85.39324452896761,-0.7368655857428779,background
NA,NA,NA,89.68354966188852,-0.40680128411803546,background
NA,NA,NA,62.9383191349526,24.005716921448368,background
NA,NA,NA,56.03757015783166,9.409768003919911,background
NA,NA,NA,44.877967521848966,-13.417424278901237,background
NA,NA,NA,69.2552246590912,13.599930414336724,background
NA,NA,NA,68.63914908563854,-22.565461971944693,background
NA,NA,NA,79.5421266394957,-30.59609564267458,background
NA,NA,NA,90.50663108894116,-29.291172762847193,background
NA,NA,NA,76.77123998769385,0.5323867354149335,background
NA,NA,NA,52.94290423748649,9.225280657762555,background
NA,NA,NA,67.2386556553029,-17.44198992046026,background
NA,NA,NA,43.58542250303278,-24.9594806117182,background
NA,NA,NA,81.58517620839677,8.291624760994656,background
NA,NA,NA,106.28286045879192,-13.540476074827128,background
NA,NA,NA,66.57446750836542,-6.4496074121762295,background
NA,NA,NA,93.01817825362676,-25.045702146881528,background
NA,NA,NA,95.14235030351688,-6.156527040906622,background
NA,NA,NA,81.65970722383668,-15.832419236537495,background
NA,NA,NA,71.34387772526964,-21.18846459107334,background
NA,NA,NA,64.07093233691323,-28.52941396998388,background
NA,NA,NA,81.06923728248717,-22.09467051904238,background
NA,NA,NA,85.7202550030654,2.5683353976300607,background
NA,NA,NA,88.73619745992418,-23.320587424439378,background
NA,NA,NA,59.01294180347784,-4.972312976543067,background
NA,NA,NA,52.68610881297049,2.371888444895524,background
NA,NA,NA,106.43293093920704,-7.911213890092678,background
NA,NA,NA,55.47770429497359,-15.414483444878844,background
NA,NA,NA,47.326522806320384,-13.203256807300717,background
NA,NA,NA,66.13816309452548,-25.2250506934767,background
NA,NA,NA,75.42140716378879,-26.83519020355271,background
NA,NA,NA,51.890347551608144,7.719683698624159,background
NA,NA,NA,88.97637498528718,5.83906431523275,background
NA,NA,NA,105.42466258277736,6.599896280685601,background
NA,NA,NA,84.68702878185884,-25.360985739871513,background
NA,NA,NA,55.41740469144862,-5.411618281421746,background
NA,NA,NA,50.62779896630145,-28.792412434555125,background
NA,NA,NA,107.4379759397102,-20.68180987491948,background
NA,NA,NA,53.3752891736369,2.8507817958059296,background
NA,NA,NA,57.41100486426201,-30.826625915363017,background
NA,NA,NA,48.07638689232914,3.423148940382499,background
NA,NA,NA,93.18348946969664,-12.390882454690852,background
NA,NA,NA,70.98412368464042,14.523368519012772,background
NA,NA,NA,91.10748031468825,-21.460320327406485,background
NA,NA,NA,61.143102973799955,-0.6069527690857613,background
NA,NA,NA,62.18538768388383,11.003210637408449,background
NA,NA,NA,36.8897819732696,-19.825882737243003,background
NA,NA,NA,70.4616609893931,-3.5160198826745845,background
NA,NA,NA,94.15951820206736,18.694149705071627,background
NA,NA,NA,82.01051935440196,6.089477660854827,background
NA,NA,NA,91.66823768401636,-28.324632396794215,background
NA,NA,NA,75.29485469690417,0.6182345008295074,background
NA,NA,NA,107.6540866878767,17.762378564559135,background
NA,NA,NA,96.49456688277094,-16.863563054863867,background
NA,NA,NA,71.51309481422142,-19.707020683113228,background
NA,NA,NA,51.69583258696447,-12.007238222766746,background
NA,NA,NA,58.532509531353845,-0.4526778721153181,background
NA,NA,NA,51.25070766821135,-24.27757763426764,background
NA,NA,NA,93.80044024934784,8.521427820711919,background
NA,NA,NA,57.90691993562592,-13.455020861136708,background
NA,NA,NA,68.32984824642085,17.17361058159622,background
NA,NA,NA,55.09060688580948,-8.418657686509306,background
NA,NA,NA,56.447295968166,5.390904724448227,background
NA,NA,NA,42.20021528519881,-22.61206649745616,background
NA,NA,NA,36.353852703987016,-31.215233804454613,background
NA,NA,NA,108.00379748467792,-24.608516710870635,background
NA,NA,NA,69.44720211766838,-0.3342166690813438,background
NA,NA,NA,61.463968810126666,-20.493568351444445,background
NA,NA,NA,54.03560308296805,14.086290218157542,background
NA,NA,NA,54.24434364970921,-1.825674611010218,background
NA,NA,NA,40.54261423006303,-21.196415233407137,background
NA,NA,NA,105.93749617036876,-12.322881141036016,background
NA,NA,NA,101.80102722662244,-17.45044575056478,background
NA,NA,NA,39.92488610048016,-28.88151086797003,background
NA,NA,NA,86.91684848270967,2.6920174184088843,background
NA,NA,NA,86.71746780506184,-9.590541428026247,background
NA,NA,NA,82.61494455010552,-8.688902610242716,background
NA,NA,NA,51.22127028848337,-16.339737052878633,background
NA,NA,NA,63.458307084731935,5.73032635434226,background
NA,NA,NA,89.28535739551359,-3.318381610306906,background
NA,NA,NA,100.800765399648,7.04569575187242,background
NA,NA,NA,101.95243150634982,-19.983886222419727,background
NA,NA,NA,54.21950983090919,2.5692599406602765,background
NA,NA,NA,106.82162127646905,-26.4119713980836,background
NA,NA,NA,54.98638147451686,-23.59218946941178,background
NA,NA,NA,73.71854331436919,-19.19066020410327,background
NA,NA,NA,72.21523727828541,-10.440819070027556,background
NA,NA,NA,102.65468173433176,-27.576792437492195,background
NA,NA,NA,73.11893161616317,1.9385510237605696,background
NA,NA,NA,69.51382456919548,9.462919314191268,background
NA,NA,NA,85.51351651034346,13.454199779536015,background
NA,NA,NA,73.1686538915448,-5.339606579924184,background
NA,NA,NA,82.14707654547854,0.1481055719570308,background
NA,NA,NA,76.87331534764203,0.4614727082011033,background
NA,NA,NA,69.52396739948679,-18.560614819294127,background
NA,NA,NA,94.92159598135368,6.300192059747214,background
NA,NA,NA,76.56816963886598,-21.581032077642973,background
NA,NA,NA,75.86570980214117,-12.574838027303272,background
NA,NA,NA,107.87115265016664,17.625059481634864,background
NA,NA,NA,58.638418970138886,8.59570188366047,background
NA,NA,NA,91.5168624351636,19.60518351805442,background
NA,NA,NA,98.42649879384244,12.01425941243294,background
NA,NA,NA,95.54258696997915,-9.44054085142344,background
NA,NA,NA,59.213712830541894,18.001288930573622,background
NA,NA,NA,45.6961069979795,-30.879401154895085,background
NA,NA,NA,65.59057273848862,11.74583402111973,background
NA,NA,NA,56.54723367954618,-30.92462678021315,background
NA,NA,NA,61.1202654374143,-27.880467590164507,background
NA,NA,NA,91.42815473665334,6.933994385184652,background
NA,NA,NA,95.00494551653404,2.7293622353521556,background
NA,NA,NA,72.93572778328253,-12.281934934807856,background
NA,NA,NA,68.67875198854978,-29.793109702732615,background
NA,NA,NA,52.18805785966019,-5.492030221786207,background
NA,NA,NA,58.37034856585868,9.97239045427054,background
NA,NA,NA,56.08268326280644,-11.587932712539516,background
NA,NA,NA,70.70589334844325,18.29340699370966,background
NA,NA,NA,70.10577918298489,-22.50903724696016,background
NA,NA,NA,71.94109590617634,15.115828523373011,background
NA,NA,NA,61.32426912704034,-25.51632563432968,background
NA,NA,NA,88.32910125674354,1.3607812062580182,background
NA,NA,NA,92.32073427453,-17.296597066950522,background
NA,NA,NA,86.98008275433571,-13.36341598100731,background
NA,NA,NA,59.0204998113838,-30.38855687161839,background
NA,NA,NA,63.36064308820857,-6.141959718903694,background
NA,NA,NA,44.82822615966893,-13.956395080345349,background
NA,NA,NA,51.95301624934405,-20.38483794525559,background
NA,NA,NA,58.860886714921016,10.069558721553827,background
NA,NA,NA,84.15051186502237,10.39322000756285,background
NA,NA,NA,64.9192054602355,-11.820189135545178,background
NA,NA,NA,75.25638545511109,-10.28187693300818,background
NA,NA,NA,60.40894249651922,25.03117732207306,background
NA,NA,NA,92.467601724273365,-9.443771407890468,background
NA,NA,NA,96.08366211659744,-3.126395160659402,background
NA,NA,NA,42.01127588761808,-21.613631386923377,background
NA,NA,NA,82.41666642646553,0.8162984651411654,background
NA,NA,NA,68.42741604402337,-16.820533150901262,background
NA,NA,NA,107.70379297260094,-15.163175288319088,background
NA,NA,NA,69.91332491870011,-11.303149976576645,background
NA,NA,NA,39.911290890894385,15.815710323541271,background
NA,NA,NA,68.30721223238639,17.06443103639867,background
NA,NA,NA,90.29306995821604,13.442015910704772,background
NA,NA,NA,44.544755422773875,-3.6100141412410474,background
NA,NA,NA,101.06208375793892,-8.896927640306334,background
NA,NA,NA,74.99954581041717,2.971529876171757,background
NA,NA,NA,105.80562959641884,-27.124239778706908,background
NA,NA,NA,62.736438050292016,3.1756880876724938,background
NA,NA,NA,53.2343378118241,-22.810923153484715,background
NA,NA,NA,91.93517659447704,-9.0174175874518,background
NA,NA,NA,74.75264372186902,-31.24307047055732,background
NA,NA,NA,46.08415983981817,-2.6074500363916853,background
NA,NA,NA,84.5619791453702,-8.490358447942596,background
NA,NA,NA,87.78163456421905,-14.09335592196662,background
NA,NA,NA,40.585069043048776,-10.861677638199074,background
NA,NA,NA,88.43200845870426,1.5030875519804,background
NA,NA,NA,63.75929296421713,3.440248832896699,background
NA,NA,NA,40.69288067798823,-10.577316864656202,background
NA,NA,NA,56.2517556526999,1.5975365225875842,background
NA,NA,NA,83.70473841401405,14.230599927069274,background
NA,NA,NA,106.03716724937463,3.743680726583015,background
NA,NA,NA,86.68135035551553,13.711359864755694,background
NA,NA,NA,66.83325910602022,12.521006558567835,background
NA,NA,NA,45.94805537740005,-30.716993576967095,background
NA,NA,NA,59.71414793987826,-23.811163261971483,background
NA,NA,NA,61.2199920830441,19.97950007912324,background
NA,NA,NA,63.47916491216365,-4.451483788668078,background
NA,NA,NA,91.91976863078534,-19.69011681310672,background
NA,NA,NA,59.89542555419315,-5.069697898198731,background
NA,NA,NA,80.47611105253395,-12.432350819944748,background
NA,NA,NA,53.121545651688706,-11.00015486718928,background
NA,NA,NA,62.51981190393152,-24.045474306913366,background
NA,NA,NA,43.65838827351751,-29.335736580717064,background
NA,NA,NA,61.20001499843946,-20.22314441995692,background
NA,NA,NA,49.76626598188439,-15.884072340341747,background
NA,NA,NA,56.67793226163847,-18.836827558466144,background
NA,NA,NA,35.34200183927966,25.976228903413837,background
NA,NA,NA,53.65738558819834,-28.38561851792105,background
NA,NA,NA,102.70449609258804,-7.055912394461137,background
NA,NA,NA,101.1371331766508,-11.074927168786546,background
NA,NA,NA,60.12458183764976,12.221381006996186,background
NA,NA,NA,52.009766564362565,-6.320534472754743,background
NA,NA,NA,67.34409646583501,-6.9951533298980335,background
NA,NA,NA,39.523541179468126,-21.19712242964145,background
NA,NA,NA,66.69390874048437,16.119161428875973,background
NA,NA,NA,50.98400799838377,-3.3676404812524243,background
NA,NA,NA,61.237348867130514,-15.60957645806434,background
NA,NA,NA,94.4368298039666,-8.559301726817354,background
NA,NA,NA,61.45070636284353,-12.41807040822781,background
NA,NA,NA,63.77290115938234,-0.06249943580797326,background
NA,NA,NA,108.22770050934535,10.640853101908242,background
NA,NA,NA,71.75132479407125,17.8473359304545,background
NA,NA,NA,50.52648203339989,28.044035945381125,background
NA,NA,NA,78.2912074146048,-5.64520001048912,background
NA,NA,NA,69.50546369551384,22.472650242740603,background
NA,NA,NA,59.18065651734848,-23.10193366169766,background
NA,NA,NA,50.93254762231848,26.28270281427972,background
NA,NA,NA,65.06032284805403,-13.42119581004594,background
NA,NA,NA,107.97046512319918,3.53268907843874,background
NA,NA,NA,85.53088183613642,-17.674813073188933,background
NA,NA,NA,49.0618841883408,12.287940118701988,background
NA,NA,NA,90.36498238512158,-11.662803450739982,background
NA,NA,NA,95.51793693446392,-10.870877899805976,background
NA,NA,NA,60.470181724187256,-30.70831941318505,background
NA,NA,NA,40.9100778802296,-14.41668519015957,background
NA,NA,NA,66.80718003753935,20.17840887746112,background
NA,NA,NA,79.03435602551274,-6.642994966652359,background
NA,NA,NA,106.52460918462828,-23.617933452185067,background
NA,NA,NA,89.39084628729353,16.168871449830288,background
NA,NA,NA,76.40791391102842,4.788322473506666,background
NA,NA,NA,60.696232960727144,20.15899424811883,background
NA,NA,NA,39.66470916187245,-24.086578827439915,background
NA,NA,NA,66.62342225040351,-21.064844070070304,background
NA,NA,NA,93.62893928291186,7.969927890806589,background
NA,NA,NA,70.51731660003172,-9.603279478303367,background
NA,NA,NA,87.80560490573097,-22.61162488944707,background
NA,NA,NA,94.3773785430642,-5.055309898446705,background
NA,NA,NA,91.61810411362728,2.8968839867944527,background
NA,NA,NA,91.29802628159965,-23.44495550381061,background
NA,NA,NA,52.431371356924295,-21.084743552100743,background
NA,NA,NA,100.65740602331115,-24.243469059915828,background
NA,NA,NA,80.06838334587337,4.508149386146051,background
NA,NA,NA,84.54769142011503,-17.25259385464117,background
NA,NA,NA,53.140927475875216,-27.39515061335437,background
NA,NA,NA,54.89153238007724,-31.65277844391926,background
NA,NA,NA,85.89822792400953,-4.75060410037437,background
NA,NA,NA,72.8678853247297,-16.427505856576666,background
NA,NA,NA,84.70450815491462,-15.879336058917726,background
NA,NA,NA,56.50421975814115,-23.89848752025276,background
NA,NA,NA,67.41008027454538,-16.957497490240026,background
NA,NA,NA,75.87884554440873,5.200159023540174,background
NA,NA,NA,106.9196229162702,17.752898932630824,background
NA,NA,NA,33.80463089476641,-29.91995138317174,background
NA,NA,NA,96.9435452585608,-8.263220491266042,background
NA,NA,NA,107.41688459039985,-1.444076865375799,background
NA,NA,NA,82.4908117720176,-29.729101268007827,background
NA,NA,NA,50.49728553343847,-6.537549275260021,background
NA,NA,NA,58.27020388656173,-8.25032987891752,background
NA,NA,NA,76.75011268672318,-0.9141694318678986,background
NA,NA,NA,42.16847413983412,-8.364626853192709,background
NA,NA,NA,52.90065325985136,-26.288916738700465,background
NA,NA,NA,68.07893569006418,-20.2651758974513,background
NA,NA,NA,59.53779787032373,-22.1895570852748,background
NA,NA,NA,55.98451184520519,-17.272807090064145,background
NA,NA,NA,65.54749520049317,22.9057825100791,background
NA,NA,NA,105.4674301424251,-25.54364054770593,background
NA,NA,NA,64.51595116730707,-14.713293297582087,background
NA,NA,NA,86.1637208820049,6.839519753172209,background
NA,NA,NA,71.27066938124713,-20.57776577094596,background
NA,NA,NA,100.70704138819488,-10.054765742027689,background
NA,NA,NA,107.57985809255804,-4.745937324934795,background
NA,NA,NA,41.16407834545215,-27.37148117416817,background
NA,NA,NA,63.62337840451533,5.265008341492098,background
NA,NA,NA,90.62873917296828,-12.774962710959118,background
NA,NA,NA,51.47499996886022,-16.54491075048947,background
NA,NA,NA,56.814868912108395,16.886766340283433,background
NA,NA,NA,62.81476779392407,-12.27616190673077,background
NA,NA,NA,43.49747647341087,-3.4165013404295017,background
NA,NA,NA,54.6497062871421,-0.16413284064762396,background
NA,NA,NA,64.85845666129524,-24.393094078138667,background
NA,NA,NA,88.93026718128544,-27.51415136004759,background
NA,NA,NA,97.10681291232262,-20.972789601004568,background
NA,NA,NA,45.30997851702199,0.4858563310440068,background
NA,NA,NA,82.97247792916386,11.267461915450038,background
NA,NA,NA,67.0926523020758,-6.148315871626429,background
NA,NA,NA,87.07721419640164,-9.960173272404068,background
NA,NA,NA,92.84806368447414,5.047883718782751,background
NA,NA,NA,55.245536030954945,-15.519028094591576,background
NA,NA,NA,52.7791026451101,-12.026653764509179,background
NA,NA,NA,68.52055421096942,-18.93751392331789,background
NA,NA,NA,38.60836243520925,-20.45079074783682,background
NA,NA,NA,59.62452585988004,-26.683592330422904,background
NA,NA,NA,75.89932374853376,-11.453699964544844,background
NA,NA,NA,72.61269860041786,6.957542427147274,background
NA,NA,NA,69.39601831805365,16.72186394518803,background
NA,NA,NA,73.08202408608207,-6.7748727478406,background
NA,NA,NA,104.16492196055616,5.9261355854330775,background
NA,NA,NA,54.31212085253819,8.245364853976083,background
NA,NA,NA,102.19591532779182,-5.260161451913924,background
NA,NA,NA,97.32498135577003,-3.9555744334517,background
NA,NA,NA,75.14407416209173,-3.6428496627162783,background
NA,NA,NA,64.99075370811394,-27.73145632360851,background
NA,NA,NA,37.333116229793184,19.34259810536857,background
NA,NA,NA,98.94735584860136,-20.57347325082322,background
NA,NA,NA,53.21107747007169,-24.221981520732996,background
NA,NA,NA,40.09233168685115,-23.9218745951852,background
NA,NA,NA,53.7589144428422,5.435092134417935,background
NA,NA,NA,65.02334066455066,3.5354730016237337,background
NA,NA,NA,107.5716732253836,-30.9328144760024,background
NA,NA,NA,64.34010591442947,-10.029707714101622,background
NA,NA,NA,55.991270830192775,-18.804243291567204,background
NA,NA,NA,86.13508957346912,-8.38230930771519,background
NA,NA,NA,68.84274559630336,-18.909829399040955,background
NA,NA,NA,68.07472777952552,-6.857650053231886,background
NA,NA,NA,92.51851390126308,15.127349103918023,background
NA,NA,NA,67.79201184537091,16.100110234930863,background
NA,NA,NA,96.91010883032068,-17.820199946118016,background
NA,NA,NA,98.7993785233874,-22.630960446246508,background
NA,NA,NA,107.88170413463924,3.305571170821827,background
NA,NA,NA,57.29121619048976,9.449106001685024,background
NA,NA,NA,35.592752358188626,-27.7079811453024,background
NA,NA,NA,51.60866550998249,0.02962599429740101,background
NA,NA,NA,54.91583235132566,-10.934768203853276,background
NA,NA,NA,51.43799880783402,5.7174252610048555,background
NA,NA,NA,88.03587865930983,20.508119895957886,background
NA,NA,NA,50.596583399970726,-29.72516394601131,background
NA,NA,NA,46.36282349004874,-2.1564640875747645,background
NA,NA,NA,106.44922514592916,-17.00205282499379,background
NA,NA,NA,99.57404552142438,-9.644688265067268,background
NA,NA,NA,63.861889714302706,-7.545583014447976,background
NA,NA,NA,94.940310751077,8.977518287753327,background
NA,NA,NA,70.73753926015459,7.951974278123767,background
NA,NA,NA,60.92713242618108,-14.503237747804334,background
NA,NA,NA,102.53689274872892,-11.139661092160186,background
NA,NA,NA,68.36769443537753,-0.756201801615736,background
NA,NA,NA,35.81789941229312,-28.694258706589835,background
NA,NA,NA,62.49209474011998,-2.512267885951594,background
NA,NA,NA,71.27693493242893,-4.904086201204209,background
NA,NA,NA,107.61978865824564,-28.074123532234672,background
NA,NA,NA,60.45892393711168,-17.126085211598028,background
NA,NA,NA,72.01788167716286,19.810224485717725,background
NA,NA,NA,62.43200401683413,3.1387337458179054,background
NA,NA,NA,58.507183553629616,-17.592346045402874,background
NA,NA,NA,44.26555666832273,-10.040219680617852,background
NA,NA,NA,89.00469882881319,8.327743090111081,background
NA,NA,NA,57.430159777741466,11.257095329778906,background
NA,NA,NA,46.21838228563587,1.3817029140417243,background
NA,NA,NA,96.21970545755052,-5.097482588871121,background
NA,NA,NA,66.03768170079302,-29.429280257360023,background
NA,NA,NA,64.79885345272217,17.386102550202867,background
NA,NA,NA,51.83145090061435,-14.874198260383675,background
NA,NA,NA,62.04450378151874,-12.24062474459941,background
NA,NA,NA,65.70921512981512,21.55225464488522,background
NA,NA,NA,58.03747547600593,5.594588176889869,background
NA,NA,NA,75.77732266349565,-6.7504622766945985,background
NA,NA,NA,49.492069662379606,-26.123726356991057,background
NA,NA,NA,61.266107172083366,8.128232356390901,background
NA,NA,NA,51.07521196964797,-12.06698549180702,background
NA,NA,NA,60.76153059175077,7.619654605407311,background
NA,NA,NA,69.36020183162108,-6.0897574769517115,background
NA,NA,NA,61.24812534998784,3.153045981135157,background
NA,NA,NA,40.49557293956237,-2.6251246203168708,background
NA,NA,NA,42.93855209238045,-3.8741632435667377,background
NA,NA,NA,80.11929494006009,-7.510007224030344,background
NA,NA,NA,92.8620082116104,11.693935765763788,background
NA,NA,NA,61.74600153524733,20.50761033703301,background
NA,NA,NA,105.04026608307196,-29.111081418274168,background
NA,NA,NA,87.00216794668108,-6.083811841052704,background
NA,NA,NA,69.59090152313283,10.26423727379889,background
NA,NA,NA,75.74752294421259,-30.08898929976711,background
NA,NA,NA,100.56171534312128,-13.774853244754157,background
NA,NA,NA,61.40891150140935,-21.603958973195276,background
NA,NA,NA,78.11797565073533,5.1067711163161755,background
NA,NA,NA,59.08710268437248,-7.999035994597523,background
NA,NA,NA,86.49868579753948,-11.188856837859674,background
NA,NA,NA,89.2581673588065,-8.418788209369131,background
NA,NA,NA,98.62444366343972,1.0392980094204332,background
NA,NA,NA,64.0478628813572,-17.59548072894725,background
NA,NA,NA,87.36055604276987,20.573010859420183,background
NA,NA,NA,80.38968992697178,5.744360864859892,background
NA,NA,NA,57.84745155488528,-22.16216117208934,background
NA,NA,NA,43.00217086828832,-18.61962065296448,background
NA,NA,NA,97.7845516297783,-25.271401631718895,background
NA,NA,NA,41.77143438461203,15.26965691863452,background
NA,NA,NA,63.50833234482525,-8.766301453016967,background
NA,NA,NA,44.418963076707115,-7.5134088849535425,background
NA,NA,NA,68.43998286128354,-1.092243565890821,background
NA,NA,NA,47.3298309054462,-5.994767715150546,background
NA,NA,NA,72.50264102482724,21.244359893771513,background
NA,NA,NA,56.53978321700704,-13.363061600531614,background
NA,NA,NA,90.61576892854124,-1.0493663781907283,background
NA,NA,NA,96.29351995312231,-32.023878867600814,background
NA,NA,NA,84.6406068652506,-5.760242335966024,background
NA,NA,NA,78.93561032840151,-18.95214225083228,background
NA,NA,NA,104.0177464994252,-20.345451947461473,background
NA,NA,NA,87.68075548028679,-4.851576703588459,background
NA,NA,NA,83.98502145524138,8.259367651559742,background
NA,NA,NA,71.28250578243004,-23.640652355371554,background
NA,NA,NA,98.15389984630843,11.616532824671918,background
NA,NA,NA,83.24898447977617,-10.017804121956216,background
NA,NA,NA,77.15499199833991,-32.13454184739548,background
NA,NA,NA,68.69247945799226,6.873943037094248,background
NA,NA,NA,100.29455372906274,-15.769420839680288,background
NA,NA,NA,62.10990899433436,-31.76868673189191,background
NA,NA,NA,53.67654126660673,13.512362377883424,background
NA,NA,NA,60.73163474639724,1.2942743783567987,background
NA,NA,NA,66.22865105587418,2.875276327505327,background
NA,NA,NA,50.69359811752254,4.88335301561058,background
NA,NA,NA,62.105947135938905,-1.5248540814547642,background
NA,NA,NA,77.44336727748926,-15.050462050698073,background
NA,NA,NA,50.25396307557817,-0.6511096172607308,background
NA,NA,NA,53.7754785784181,-28.926959805030716,background
NA,NA,NA,104.65144831229064,0.49311834654105474,background
NA,NA,NA,39.68323173409264,17.74685168821065,background
NA,NA,NA,100.9864404811786,-5.393824819316151,background
NA,NA,NA,53.82916238436852,-12.454611800455508,background
NA,NA,NA,59.319740086596696,-3.991907874002366,background
NA,NA,NA,37.50694635022174,-19.45093996456613,background
NA,NA,NA,80.03937481809331,-27.7128306550372,background
NA,NA,NA,103.8421415435112,8.23084074444139,background
NA,NA,NA,56.33266204126265,-4.0830673711241685,background
NA,NA,NA,106.61838950942168,9.693409648372011,background
NA,NA,NA,48.81523878809068,-23.108176441808464,background
NA,NA,NA,55.65273509886579,6.893368864407341,background
NA,NA,NA,64.02988237056843,15.54966896373429,background
NA,NA,NA,68.95234235684383,-14.435210040642035,background
NA,NA,NA,65.88357381614304,-1.6063680278035304,background
NA,NA,NA,88.7774004666953,1.7909871108766922,background
NA,NA,NA,101.16186198163454,-13.83997390800548,background
NA,NA,NA,56.0953936863693,-29.675829913519927,background
NA,NA,NA,88.13570243270274,-10.446897801845475,background
NA,NA,NA,82.67488671326315,-0.9617061516751036,background
NA,NA,NA,54.666851386249945,7.335802118213662,background
NA,NA,NA,35.32707334033426,-29.363148600900814,background
NA,NA,NA,108.10931879487494,-27.27394946901741,background
NA,NA,NA,86.55275274182719,13.049080700068108,background
NA,NA,NA,77.39379489175518,-18.854719194484662,background
NA,NA,NA,85.99726569648871,-5.086263988998008,background
NA,NA,NA,49.68475693859039,-18.61033448555384,background
NA,NA,NA,85.17727425453765,-18.952133141525735,background
NA,NA,NA,66.5398451306501,-27.08524160709574,background
NA,NA,NA,100.26991828183516,-14.730716728730336,background
NA,NA,NA,47.1351430304363,-1.3628594092344954,background
NA,NA,NA,60.26340008583044,-0.6777194287699364,background
NA,NA,NA,91.29686118554444,-3.732270588394703,background
NA,NA,NA,95.70451268339929,2.019826483391338,background
NA,NA,NA,64.87570715668383,-30.9220380280062,background
NA,NA,NA,87.35585491697653,-6.222108231054037,background
NA,NA,NA,43.91360772586053,-2.9100382635351023,background
NA,NA,NA,55.01793034952805,-12.38726423883477,background
NA,NA,NA,103.57485145781546,-21.027755653662965,background
NA,NA,NA,68.32378831542387,-2.0830417005517146,background
NA,NA,NA,71.82300814297103,-31.781045416334173,background
NA,NA,NA,71.21590587809416,-24.50529504259707,background
NA,NA,NA,105.95445482715311,7.580569485262873,background
NA,NA,NA,89.66574887297608,-15.719536720207005,background
NA,NA,NA,72.42798778466985,-14.307402768612585,background
NA,NA,NA,98.80109462325764,-7.830739390342364,background
NA,NA,NA,78.27119044441957,4.816050090508295,background
NA,NA,NA,49.61075589141957,-11.258159056405711,background
NA,NA,NA,44.215589069301615,-14.307423816976312,background
NA,NA,NA,44.183714571324586,-0.6813319105003325,background
NA,NA,NA,52.93176550613704,4.74804763214638,background
NA,NA,NA,99.87836512515496,-5.315858516158054,background
NA,NA,NA,50.57844229052919,3.284959051385781,background
NA,NA,NA,101.80316312678144,-29.135491480765396,background
NA,NA,NA,63.9363744151164,-25.75308819352037,background
NA,NA,NA,81.25587309655714,1.848718297165943,background
NA,NA,NA,106.76198754358865,-4.150548722469084,background
NA,NA,NA,86.0272300029826,19.44220154475474,background
NA,NA,NA,48.75464887581938,-21.885316563029964,background
NA,NA,NA,73.95250475395534,-28.0505351494767,background
NA,NA,NA,40.462161917890704,-30.724865286620815,background
NA,NA,NA,44.99802160775173,-8.196569355504863,background
NA,NA,NA,54.31190333952957,-25.33733959475864,background
NA,NA,NA,58.91771294003079,-0.7247863778545854,background
NA,NA,NA,97.91455995456283,-26.169100136402346,background
NA,NA,NA,53.42782505800813,-27.237514941407785,background
NA,NA,NA,106.7721295907384,-22.18359178452227,background
NA,NA,NA,85.17508366195926,5.339430384247617,background
NA,NA,NA,90.92530423669244,7.530527851266925,background
NA,NA,NA,92.43132753714418,-16.146051608225516,background
NA,NA,NA,67.46618187518274,-29.894431330873104,background
NA,NA,NA,40.73770050556388,15.75189129497356,background
NA,NA,NA,64.27579626198566,-28.009813025817955,background
NA,NA,NA,68.22405249064676,17.204217547652117,background
NA,NA,NA,49.524384449813496,-27.846748669009248,background
NA,NA,NA,55.42798910429096,25.484043219983292,background
NA,NA,NA,79.44662323940864,-1.1989596407046472,background
NA,NA,NA,86.33078032496061,8.46101349775174,background
NA,NA,NA,90.35422524403896,16.051966744883746,background
NA,NA,NA,69.28378264372404,-4.395982987823836,background
NA,NA,NA,85.51911212947225,-5.737748999570292,background
NA,NA,NA,80.3905919603211,-15.044266828956957,background
NA,NA,NA,105.0359608990694,-13.835614663020314,background
NA,NA,NA,61.31657694695533,-0.2269607476431469,background
NA,NA,NA,76.09773099946429,-2.7090519579991947,background
NA,NA,NA,37.04816085688342,21.516225286989112,background
NA,NA,NA,80.82675285892132,9.94305996544779,background
NA,NA,NA,105.97940930438754,8.876479869720297,background
NA,NA,NA,50.11506028453674,-27.319638732586128,background
NA,NA,NA,88.91127701893018,-4.820619749381694,background
NA,NA,NA,64.77291760807952,-8.719156054219196,background
NA,NA,NA,102.11970993753424,-30.95592766809674,background
NA,NA,NA,91.77022150746774,-16.276483797699022,background
NA,NA,NA,79.87073155333667,9.53452056169304,background
NA,NA,NA,87.35408459821434,-14.989484104774952,background
NA,NA,NA,56.21152059065533,-14.13390440774168,background
NA,NA,NA,92.43272905088044,10.27081957704385,background
NA,NA,NA,30.791868648199262,-31.080695009963776,background
NA,NA,NA,90.76847943371374,5.856617060727455,background
NA,NA,NA,106.33073803517802,-30.93975565075267,background
NA,NA,NA,46.14220130025409,-27.96378361192324,background
NA,NA,NA,39.70583354487581,17.47993847185288,background
NA,NA,NA,73.27487099567813,-32.11091365957378,background
NA,NA,NA,92.9034335030897,-6.4917015633825015,background
NA,NA,NA,86.06238231254183,-31.65405761881295,background
NA,NA,NA,69.03929412454104,-13.507504384320852,background
NA,NA,NA,48.301429224018875,-1.6045230081736546,background
NA,NA,NA,50.565148189757906,-7.010290123808546,background
NA,NA,NA,84.34602393275537,-21.51243256362375,background
NA,NA,NA,63.26213184181826,-13.436547396960512,background
NA,NA,NA,77.02807291194063,-7.081423784621076,background
NA,NA,NA,105.18836674397164,-6.366369820416012,background
NA,NA,NA,68.98338887387823,-20.184432629755506,background
NA,NA,NA,80.20286034911562,0.5564047986568251,background
NA,NA,NA,71.28841578735427,-17.40939756951452,background
NA,NA,NA,56.6308006548848,10.331541308001222,background
NA,NA,NA,68.54814916827607,2.5433890916159188,background
NA,NA,NA,106.34705467981576,-22.000709492108367,background
NA,NA,NA,100.52726150474967,-5.901957652852477,background
NA,NA,NA,80.19077106606679,-32.25011876695246,background
NA,NA,NA,107.7289438180225,-31.53536633278721,background
NA,NA,NA,97.35295376908468,2.7119320027457263,background
NA,NA,NA,94.26148377649966,-7.5171202101276355,background
NA,NA,NA,98.61884298120984,1.4771780497560756,background
NA,NA,NA,63.55776551349177,15.817773497921523,background
NA,NA,NA,39.45995327390688,-19.94267249469251,background
NA,NA,NA,78.51593938548234,-4.366577325256489,background
NA,NA,NA,44.37283948238651,-5.616505116541065,background
NA,NA,NA,93.70501873308282,6.10415579162115,background
NA,NA,NA,80.28512357592189,-8.952001116050248,background
NA,NA,NA,48.38944480753678,-27.252028293352065,background
NA,NA,NA,87.34143622495881,-11.119626748601975,background
NA,NA,NA,67.17323483429433,-5.6055310063055295,background
NA,NA,NA,89.88137026695782,-3.907552901415146,background
NA,NA,NA,59.29902601116841,-31.762305767013267,background
NA,NA,NA,107.10835046495902,0.3431939643552104,background
NA,NA,NA,56.24143719836588,-4.658349421283529,background
NA,NA,NA,45.02323297362272,-26.27365876530186,background
NA,NA,NA,74.37285695716088,2.5102015401547364,background
NA,NA,NA,35.037602209411595,26.744868642788404,background
NA,NA,NA,96.50455040750364,-7.105076061374277,background
NA,NA,NA,83.27475630179842,7.763753184646402,background
NA,NA,NA,32.0273436299115,-31.658973772410953,background
NA,NA,NA,57.00758778716955,-23.23528340905838,background
NA,NA,NA,60.55027626816556,11.246401416991528,background
NA,NA,NA,69.1552836694441,-8.490045138336283,background
NA,NA,NA,90.70437257850269,2.590401951440698,background
NA,NA,NA,67.72908538479392,-10.667641834956909,background
NA,NA,NA,77.49318103472993,-12.067398011090727,background
NA,NA,NA,68.23897483373543,4.141287529347116,background
NA,NA,NA,82.57623109564122,-20.936882274915043,background
NA,NA,NA,77.03795766977677,-27.140504237769033,background
NA,NA,NA,64.10081230088491,-15.09372766961386,background
NA,NA,NA,32.98440015754447,-25.592677064263423,background
NA,NA,NA,54.52386496741042,-5.144095737216079,background
NA,NA,NA,86.80497230677051,-9.219990477588896,background
NA,NA,NA,101.54266735850538,-20.593159428861263,background
NA,NA,NA,76.67830225034336,-3.990793142113566,background
NA,NA,NA,67.05308817377691,-17.964989177235033,background
NA,NA,NA,66.67921536612586,-20.605960953810616,background
NA,NA,NA,78.91592990873846,-25.50573721588851,background
NA,NA,NA,66.55984916989367,22.388769454747283,background
NA,NA,NA,74.39454722762073,10.841538115757034,background
NA,NA,NA,45.53368451784892,-6.3029719838199405,background
NA,NA,NA,96.17432925344468,-11.86376516394157,background
NA,NA,NA,74.27037862536068,-1.6671591647862605,background
NA,NA,NA,65.39416202494876,-8.58005833782572,background
NA,NA,NA,105.58067838233625,-24.75579256515631,background
NA,NA,NA,41.87803981767191,-5.575118526213835,background
NA,NA,NA,71.36516777397914,14.984227283829936,background
NA,NA,NA,70.95396634286406,-21.63303675999908,background
NA,NA,NA,85.57248069363533,6.890052625542928,background
NA,NA,NA,60.125841912382015,11.732000455705164,background
NA,NA,NA,95.82752981262436,-27.92484157390611,background
NA,NA,NA,63.728502661953335,-4.772071445315142,background
NA,NA,NA,85.16217426580835,-14.69798798604113,background
NA,NA,NA,58.72729052735621,-20.712675013828253,background
NA,NA,NA,35.41838369135927,26.500664488298177,background
NA,NA,NA,89.95885898943003,-25.94872607319963,background
NA,NA,NA,103.89627000994102,6.1700691037622075,background
NA,NA,NA,61.92760145783599,-23.375715533806115,background
NA,NA,NA,95.76530224212463,-8.548228429636966,background
NA,NA,NA,87.86066022927557,-6.833148052046944,background
NA,NA,NA,85.08095738894525,-2.0816628081526636,background
NA,NA,NA,75.70315027224169,-21.281644315153848,background
NA,NA,NA,104.34757633769225,-23.89400426448748,background
NA,NA,NA,56.24774112348297,-1.847105688468716,background
NA,NA,NA,59.24466327614361,10.103533442296674,background
NA,NA,NA,35.472151147753344,-29.406297805983044,background
NA,NA,NA,108.04708548740814,-11.41474889984574,background
NA,NA,NA,83.55576105348314,-16.648030304435352,background
NA,NA,NA,80.70610147278992,-0.429563293901747,background
NA,NA,NA,92.95473138639248,18.49090576193324,background
NA,NA,NA,78.88313461844042,-30.562816488699283,background
NA,NA,NA,60.29296129298416,16.457680374178015,background
NA,NA,NA,87.45420789592609,-13.85851330068458,background
NA,NA,NA,66.50996391000945,-11.584677912435271,background
NA,NA,NA,107.45416983146526,3.8274262139872066,background
NA,NA,NA,64.92239433972182,15.2359267126753,background
NA,NA,NA,59.53779455563164,-10.948305969667478,background
NA,NA,NA,82.15597501850611,-11.587995036889698,background
NA,NA,NA,63.963061820657785,-10.428055487870852,background
NA,NA,NA,97.3326545947574,-18.2533457836237,background
NA,NA,NA,51.67045524972552,12.411951223725849,background
NA,NA,NA,105.63126304225035,-12.290652961343673,background
NA,NA,NA,93.39619245942367,-21.7017083395604,background
NA,NA,NA,65.17563390098496,-30.218321687388187,background
NA,NA,NA,100.54154068829834,-7.2899600954406845,background
NA,NA,NA,87.68320833421694,-5.493405788229188,background
NA,NA,NA,101.4209880535758,-9.567445172219966,background
NA,NA,NA,50.81425538632176,-28.437975903588455,background
NA,NA,NA,67.44059430997272,4.055320161423511,background
NA,NA,NA,37.25709997732297,-25.488745909099155,background
NA,NA,NA,72.89617250630425,12.329311958090653,background
NA,NA,NA,90.52008737286089,-0.6283203337968414,background
NA,NA,NA,107.39996268662992,-30.11768376318069,background
NA,NA,NA,100.05245464755804,-21.155726528083825,background
NA,NA,NA,44.58056047169749,1.3040192993234578,background
NA,NA,NA,36.4625410931955,-25.37453828750512,background
NA,NA,NA,36.91481073967442,-21.01126965410682,background
NA,NA,NA,95.01022556604882,0.6847179008453049,background
NA,NA,NA,100.65424096589764,9.219732383284908,background
NA,NA,NA,64.70428709058982,-13.255369030967175,background
NA,NA,NA,90.19307802794393,-21.10952036713833,background
NA,NA,NA,58.97059652103164,1.3400215297911588,background
NA,NA,NA,79.93897681982817,-21.73269436205428,background
NA,NA,NA,61.652955797215185,14.021934233632177,background
NA,NA,NA,85.03651166626034,-3.707023896970053,background
NA,NA,NA,55.624190591552406,5.6844019562427865,background
NA,NA,NA,80.95617730615888,-11.528817187023034,background
NA,NA,NA,58.39333617401785,-4.88068361896202,background
NA,NA,NA,60.033058581402386,24.87845313948611,background
NA,NA,NA,56.966840240946,-11.841915507667853,background
NA,NA,NA,54.53290564437094,-28.48528374777978,background
NA,NA,NA,83.6183644772826,16.991575995968383,background
NA,NA,NA,106.71801609506076,17.740996555351995,background
NA,NA,NA,48.60640551924672,-31.38785673071156,background
NA,NA,NA,58.359752424105885,-11.730939537555122,background
NA,NA,NA,86.5025743138194,-3.6480753766026734,background
NA,NA,NA,89.28309533671685,-26.464915576320436,background
NA,NA,NA,87.74266465822043,-5.319363155521439,background
NA,NA,NA,65.1796977681187,-21.785635379912264,background
NA,NA,NA,98.1490215484019,-16.057420062971886,background
NA,NA,NA,80.83975912785905,-7.9666393574230625,background
NA,NA,NA,70.58604069382872,-31.444124226164902,background
NA,NA,NA,94.90887499448635,7.879927261178514,background
NA,NA,NA,72.79737450262343,17.360114840515322,background
NA,NA,NA,105.35952088798248,-31.75661151472542,background
NA,NA,NA,52.04183888753424,-23.409187779004352,background
NA,NA,NA,107.58498634010289,-4.885290158894663,background
NA,NA,NA,92.82165924800374,-5.1722138856102475,background
NA,NA,NA,102.99545220556467,-17.92877063764361,background
NA,NA,NA,68.74279970746852,-30.28980917029589,background
NA,NA,NA,75.3393642729432,-18.9399112649355,background
NA,NA,NA,95.0247507653155,-8.70055398280076,background
NA,NA,NA,96.89409242029288,-6.242268036731871,background
NA,NA,NA,61.368758177486086,16.82658991818444,background
NA,NA,NA,85.87175586417808,-8.021961764241583,background
NA,NA,NA,50.900540227043976,14.74603591268517,background
NA,NA,NA,60.43334819187507,13.48095479505412,background
NA,NA,NA,66.57219226365072,-25.756860943548045,background
NA,NA,NA,100.71451711160172,-17.34617517277231,background
NA,NA,NA,60.53237849719075,-3.741661079621131,background
NA,NA,NA,51.91685585450139,27.627462010189536,background
NA,NA,NA,99.79535183088268,4.335729740981469,background
NA,NA,NA,59.83410478874234,21.528602276771014,background
NA,NA,NA,70.63682625686585,-16.097525980710696,background
NA,NA,NA,63.5296893976676,21.66706626356045,background
NA,NA,NA,54.54894880869912,-7.234913055233129,background
NA,NA,NA,84.1031880061278,7.646248484785287,background
NA,NA,NA,69.74642800493211,-9.201819348941024,background
NA,NA,NA,96.85960155571792,-14.55490371779749,background
NA,NA,NA,104.61146350949848,-17.786567117795478,background
NA,NA,NA,105.39468348765726,-7.360040604521414,background
NA,NA,NA,57.13309075333227,4.988916930546456,background
NA,NA,NA,68.35724572457214,20.067545226828393,background
NA,NA,NA,72.79750441305552,-15.719680251077389,background
NA,NA,NA,72.7785194048643,-19.08729235349004,background
NA,NA,NA,65.57175836408939,1.3683313807707276,background
NA,NA,NA,78.74053585466147,-20.92795709982063,background
NA,NA,NA,68.81623275847424,-15.883339513686888,background
NA,NA,NA,99.0830503819566,-0.30090546355630315,background
NA,NA,NA,79.91529726059001,-30.54013763611293,background
NA,NA,NA,79.86619962254039,-13.472387196417989,background
NA,NA,NA,102.20597183038818,-29.393095653785434,background
NA,NA,NA,42.621898829016445,-25.369053861774145,background
NA,NA,NA,90.92690925795262,7.580054450103221,background
NA,NA,NA,99.40319891527363,-11.299569286302644,background
NA,NA,NA,88.74186671257,-2.498553325752528,background
NA,NA,NA,67.63439095170146,-14.958105946666592,background
NA,NA,NA,38.90270938712567,19.3631621042082,background
NA,NA,NA,107.84609080969132,4.346696386215506,background
NA,NA,NA,64.17766208913889,13.247875704503317,background
NA,NA,NA,64.47462085450478,-22.244402794576686,background
NA,NA,NA,105.51866185937432,1.3663631411370818,background
NA,NA,NA,68.90772672887067,14.469943289911978,background
NA,NA,NA,42.95777393714238,-17.30404237672096,background
NA,NA,NA,61.38011518677309,-20.6916717795964,background
NA,NA,NA,67.84613923725769,-25.94800356143963,background
NA,NA,NA,53.88091214033784,-3.636750796402787,background
NA,NA,NA,80.51184680253789,-1.196261026750525,background
NA,NA,NA,91.68059786118644,9.447232900259587,background
NA,NA,NA,80.57483729859493,-2.21752756574355,background
NA,NA,NA,60.65056528226895,-26.884597301109725,background
NA,NA,NA,61.90863174822363,-1.0896273948793536,background
NA,NA,NA,81.7844549501567,-20.95016814561285,background
NA,NA,NA,99.22907560850894,-17.10489856506861,background
NA,NA,NA,60.65176846085795,5.341096529249321,background
NA,NA,NA,96.15626687704643,-6.380938619289667,background
NA,NA,NA,53.32170304182742,6.999959321251982,background
NA,NA,NA,97.46767744765064,-2.922819382786702,background
NA,NA,NA,101.268574522959,-10.715573151407114,background
NA,NA,NA,48.97167835828378,13.73872847487328,background
NA,NA,NA,92.72219710387476,17.330006134561422,background
NA,NA,NA,46.5555250995709,-7.125348943031253,background
NA,NA,NA,97.3586242237617,10.202102902091283,background
NA,NA,NA,72.0990232449503,-3.8835268028292305,background
NA,NA,NA,74.60200675693409,5.412279296134115,background
NA,NA,NA,84.17593393239189,-7.161339899396844,background
NA,NA,NA,53.16466207357206,-27.50759075279302,background
NA,NA,NA,46.18817178129801,0.28656668599718016,background
NA,NA,NA,35.13707336877455,-29.84818493791683,background
NA,NA,NA,49.66433967380445,-1.209632269640593,background
NA,NA,NA,100.3955205066345,-16.16994360154437,background
NA,NA,NA,66.65639529561773,19.25225140820927,background
NA,NA,NA,86.40163769630308,-20.587079058007145,background
NA,NA,NA,92.01540372613871,14.45736123319363,background
NA,NA,NA,83.86500776487182,3.0399098834521476,background
NA,NA,NA,85.2941917310985,-24.435264207841335,background
NA,NA,NA,87.05752774837002,-3.4913886723675502,background
NA,NA,NA,58.40679537195258,-14.384612853572175,background
NA,NA,NA,80.095015312279,11.845254929324504,background
NA,NA,NA,84.16049391453498,7.462161540005043,background
NA,NA,NA,103.38804938097604,-13.800602326783013,background
NA,NA,NA,66.20121245368593,-22.824876019033876,background
NA,NA,NA,59.96211934445044,4.294125881956291,background
NA,NA,NA,68.09136988321578,-12.834662572385565,background
NA,NA,NA,59.51968451687525,15.426545846952951,background
NA,NA,NA,69.53636454822245,-13.252261134046895,background
NA,NA,NA,88.83332394816459,8.185380271164938,background
NA,NA,NA,66.295025215109,-8.262635055079999,background
NA,NA,NA,59.314008710793175,-8.851994427664847,background
NA,NA,NA,74.515112832435,9.28653067675329,background
NA,NA,NA,53.69480946352832,-6.661973145944019,background
NA,NA,NA,46.25473318421044,-6.218718172643054,background
NA,NA,NA,104.13477805967408,-10.408814874192377,background
NA,NA,NA,34.58086069727099,-27.841829085034632,background
NA,NA,NA,58.61685740807994,-26.910050982364616,background
NA,NA,NA,68.81297505359568,-9.925424061398864,background
NA,NA,NA,77.51006971872864,-29.304854014953325,background
NA,NA,NA,54.390858084745545,-5.239147967887158,background
NA,NA,NA,84.06733482131857,2.4331744172270917,background
NA,NA,NA,79.29560533986026,-31.31698015425892,background
NA,NA,NA,108.29691026017056,-25.129332713776403,background
NA,NA,NA,106.4704291765578,-9.028906012768712,background
NA,NA,NA,59.916046545054144,-0.4028650653628859,background
NA,NA,NA,100.22497947138376,-30.432575715174085,background
NA,NA,NA,72.59671735890885,18.190528982855188,background
NA,NA,NA,71.71284058152602,-20.86200808103311,background
NA,NA,NA,45.78103128508906,1.0951175156096296,background
NA,NA,NA,69.37430540933963,-1.3396225629550482,background
NA,NA,NA,43.028377752752974,-0.2623154582218575,background
NA,NA,NA,87.31619533647314,3.714216253832216,background
NA,NA,NA,58.079309494516934,12.102041557203725,background
NA,NA,NA,41.66403652159278,-17.003842867297248,background
NA,NA,NA,68.80983886314343,-6.720627997044709,background
NA,NA,NA,75.47696921633269,2.0586649039519664,background
NA,NA,NA,40.001284234618694,-9.768672176997756,background
NA,NA,NA,94.63064542321816,-1.0358589590194849,background
NA,NA,NA,99.7107619634218,9.837950133353027,background
NA,NA,NA,62.941360674554495,-10.040292250881503,background
NA,NA,NA,66.26834212595237,-27.789539603244418,background
NA,NA,NA,75.9782595890773,-30.8909014088289,background
NA,NA,NA,91.25226497219634,-19.326814382438137,background
NA,NA,NA,45.331005557663374,1.3462217988256109,background
NA,NA,NA,102.70738486495252,-15.813055206560865,background
NA,NA,NA,105.83157505731104,-24.622189025696247,background
NA,NA,NA,72.01461972874992,1.1873292456574518,background
NA,NA,NA,57.18890845605635,8.581575553498544,background
NA,NA,NA,87.6197336563518,10.451467334130957,background
NA,NA,NA,105.60491774207227,-26.93185624286717,background
NA,NA,NA,58.25828150372314,5.983783821049345,background
NA,NA,NA,78.09520267799496,-29.854498439836508,background
NA,NA,NA,51.051632452187945,28.457549180367483,background
NA,NA,NA,42.33337213036163,-29.314057441399676,background
NA,NA,NA,93.39709828099252,16.70811712359934,background
NA,NA,NA,55.68519227235858,2.622549510226763,background
NA,NA,NA,59.91678242490956,-1.375451018097101,background
NA,NA,NA,72.31359899928003,18.6777076233154,background
NA,NA,NA,92.03009471464745,14.217580045495952,background
NA,NA,NA,67.42216861053933,-25.971514573807976,background
NA,NA,NA,96.88479999064728,-8.387810637657246,background
NA,NA,NA,84.16765175532836,-1.711212325953868,background
NA,NA,NA,66.81892457439878,1.3114540203859169,background
NA,NA,NA,83.26721297324312,-3.4366351098887886,background
NA,NA,NA,52.847275771517275,-20.73899318297732,background
NA,NA,NA,85.422240799672,-18.96365558566421,background
NA,NA,NA,94.65236474276524,-30.272867149003492,background
NA,NA,NA,58.5903654054582,4.436839373513412,background
NA,NA,NA,66.07729037709653,-9.4712626392811,background
NA,NA,NA,90.4766254216466,-1.5180056307481815,background
NA,NA,NA,37.653975017846065,-17.629208978245476,background
NA,NA,NA,77.61477497723203,-26.31477416686735,background
NA,NA,NA,58.44954042083428,0.9028084864011956,background
NA,NA,NA,100.774968589947,-13.993419693833497,background
NA,NA,NA,33.18694383458273,28.590998837713705,background
NA,NA,NA,98.07439983424452,5.947857549802405,background
NA,NA,NA,54.68849885711418,1.113662860128401,background
NA,NA,NA,100.27691148077996,-15.385745024223802,background
NA,NA,NA,85.85379873835986,-20.79475780980517,background
NA,NA,NA,99.45094958630564,-25.28249623497073,background
NA,NA,NA,78.85847811745435,-11.375164351341512,background
NA,NA,NA,42.76204734326616,-11.210364333872056,background
NA,NA,NA,94.2529152428227,15.624376755435788,background
NA,NA,NA,87.52388980824745,-4.158734274043767,background
NA,NA,NA,40.9463258594362,-2.3184377984826163,background
NA,NA,NA,89.70920882080506,-21.260000060118763,background
NA,NA,NA,76.71215793249442,6.166840577033263,background
NA,NA,NA,59.90083485848662,18.199906058614264,background
NA,NA,NA,62.77868217999185,-4.482321181780685,background
NA,NA,NA,83.47047517353482,-29.180947191692972,background
NA,NA,NA,38.76812962842878,-21.226020145995125,background
NA,NA,NA,77.03628766598163,-9.59279179110746,background
NA,NA,NA,88.26067528489563,1.3992712668418108,background
NA,NA,NA,85.72633535038011,2.3103625472110574,background
NA,NA,NA,81.52491769248357,9.241975356305366,background
NA,NA,NA,40.85810378152896,-5.498033815409809,background
NA,NA,NA,106.8016489453514,-1.403499514173236,background
NA,NA,NA,66.22595759536638,-9.11717667658302,background
NA,NA,NA,65.2285674573434,15.856596723431291,background
NA,NA,NA,69.73503289489874,-17.199222550488994,background
NA,NA,NA,69.21142253304853,5.817148550429237,background
NA,NA,NA,56.14465520133857,-19.10721569990642,background
NA,NA,NA,65.90536105045267,5.014122476274049,background
NA,NA,NA,69.1701176450273,-6.936427564412117,background
NA,NA,NA,82.48855807280145,-2.606547822647523,background
NA,NA,NA,76.47047815953846,3.67037765535935,background
NA,NA,NA,48.31262904040817,0.3315510338497582,background
NA,NA,NA,89.03727646040186,7.613669853008519,background
NA,NA,NA,40.08906225306213,-4.698302380349739,background
NA,NA,NA,92.85423636963978,-17.901110752866597,background
NA,NA,NA,55.04553767318593,11.87735405355386,background
NA,NA,NA,80.93313234654161,-0.09759401840028784,background
NA,NA,NA,74.92297624113252,-24.262904603771613,background
NA,NA,NA,106.96029211191492,-3.23548470615144,background
NA,NA,NA,63.85720689216621,-10.881904422841712,background
NA,NA,NA,66.21666977350701,-23.37006053109192,background
NA,NA,NA,44.061954584604166,-5.416018939577884,background
NA,NA,NA,86.47760064051104,-15.996092805192657,background
NA,NA,NA,94.33462120068164,-4.262287839699666,background
NA,NA,NA,101.24609368022432,-14.52048491329862,background
NA,NA,NA,91.78306878046097,-21.00370944136456,background
NA,NA,NA,56.553723445971144,-18.014103035330958,background
NA,NA,NA,53.18930617178171,-23.93910569430186,background
NA,NA,NA,57.964758525978695,15.4172587644963,background
NA,NA,NA,100.12397858162367,-24.92698916147544,background
NA,NA,NA,57.7318419611156,-5.209998767806562,background
NA,NA,NA,88.78246469697267,-19.327245459640384,background
NA,NA,NA,92.28410630776484,-32.43078007601811,background
NA,NA,NA,64.40195276886689,15.191035571693522,background
NA,NA,NA,84.1790458272439,-18.528128982566404,background
NA,NA,NA,85.97218666332478,-27.838757151752933,background
NA,NA,NA,67.56859509695985,-28.191412617936813,background
NA,NA,NA,80.15664155756684,12.13177913996364,background
NA,NA,NA,63.116203360564576,-13.422870066521346,background
NA,NA,NA,85.30793366134051,-16.30676759971536,background
NA,NA,NA,84.12846273361288,-18.67396899426637,background
NA,NA,NA,44.7965205106497,-15.862447495976827,background
NA,NA,NA,52.8654095048583,-32.46312556340428,background
NA,NA,NA,56.90956070437474,-12.556435765239998,background
NA,NA,NA,38.33434572830524,-30.753902952908156,background
NA,NA,NA,46.96403718622439,-30.32293194340236,background
NA,NA,NA,104.74361924480132,7.466215433349977,background
NA,NA,NA,93.49662528016827,3.5875600314736507,background
NA,NA,NA,74.09332283600618,0.3350163100129722,background
NA,NA,NA,58.2671600703856,13.846626432728,background
NA,NA,NA,90.1367967236428,8.7990347100138,background
NA,NA,NA,40.43924584880027,-29.373643480533342,background
NA,NA,NA,56.30254389298832,-4.590795401060894,background
NA,NA,NA,73.6210633743195,-1.2108441765235056,background
NA,NA,NA,37.329939261343256,-22.581244655296977,background
NA,NA,NA,85.36853109541309,15.928178385695244,background
NA,NA,NA,85.53375439929235,19.233396317057945,background
NA,NA,NA,82.19150141474348,11.728169615490003,background
NA,NA,NA,54.446425637492794,-30.46242211937009,background
NA,NA,NA,83.97471458411707,15.740730274449792,background
NA,NA,NA,88.9476431796584,-12.139818338961696,background
NA,NA,NA,54.53228967623358,3.672417616664728,background
NA,NA,NA,37.90930245265817,-27.4957638403126,background
NA,NA,NA,51.34204000183716,-26.719251311558946,background
NA,NA,NA,90.81385461791434,-20.2342838861658,background
NA,NA,NA,95.179948528008,-7.537810546573495,background
NA,NA,NA,60.55758862460536,-5.94490822737292,background
NA,NA,NA,78.05922854334983,-25.401348118453292,background
NA,NA,NA,98.4493841564996,-21.471761612169225,background
NA,NA,NA,95.5820814533191,14.167906025708348,background
NA,NA,NA,70.5823700365967,11.156938067754506,background
NA,NA,NA,47.007662977933165,13.00788082050214,background
NA,NA,NA,50.97877353499147,-6.598800058453692,background
NA,NA,NA,57.13265274044963,13.06375527284476,background
NA,NA,NA,44.73153986982243,-26.9919509670254,background
NA,NA,NA,89.24504010360769,-8.788561479887505,background
NA,NA,NA,75.69849857542812,-1.832157062224415,background
NA,NA,NA,64.78964037534806,-9.077485714871624,background
NA,NA,NA,74.69059310493137,-2.6273177607769505,background
NA,NA,NA,98.21979781906388,-14.241413756695882,background
NA,NA,NA,67.75942523497346,5.826740629881126,background
NA,NA,NA,35.39507393883969,26.476214740334896,background
NA,NA,NA,48.40848525486375,-32.447758013116776,background
NA,NA,NA,36.77484018067944,23.806166711378147,background
NA,NA,NA,70.73116853124318,17.922226374027993,background
NA,NA,NA,94.8173439978866,-21.401000315360847,background
NA,NA,NA,49.48673998354654,-19.618952501480493,background
NA,NA,NA,107.90618539404709,-32.278294396374314,background
NA,NA,NA,82.89949982875308,-29.751902131430317,background
NA,NA,NA,90.95046845015789,-6.995578621786654,background
NA,NA,NA,85.31511510565556,-1.1338563464493077,background
NA,NA,NA,82.99358171767582,7.754695210744484,background
NA,NA,NA,69.59627875504849,-27.24824822734675,background
NA,NA,NA,82.46755541882325,-29.634131649445685,background
NA,NA,NA,92.279666423418,-23.705938154261645,background
NA,NA,NA,100.8022019179897,-28.068125932863673,background
NA,NA,NA,86.95608055899709,-19.07570542943651,background
NA,NA,NA,52.79586121833818,-31.44385646203422,background
NA,NA,NA,56.64254326120928,12.599740302822733,background
NA,NA,NA,83.89413855379456,-9.54468366280264,background
NA,NA,NA,39.11586654430609,-32.463108891803245,background
NA,NA,NA,76.99698592652265,-7.4906230775016045,background
NA,NA,NA,49.8266481248848,-10.840499579175534,background
NA,NA,NA,79.97025900782728,9.992939302109807,background
NA,NA,NA,38.99618253831082,-5.98921826118247,background
NA,NA,NA,78.8686288155862,2.520297756057948,background
NA,NA,NA,72.58026366450218,-8.436203850945725,background
NA,NA,NA,45.13374624652462,-28.327678076166624,background
NA,NA,NA,83.41785081238257,3.7377314469282377,background
NA,NA,NA,52.158475015944944,0.5353821741246589,background
NA,NA,NA,46.08293323983345,-15.183043233027508,background
NA,NA,NA,94.30097006417236,6.941208819158484,background
NA,NA,NA,50.99591347993524,4.8170877964475185,background
NA,NA,NA,43.956785760948954,-10.699968949080128,background
NA,NA,NA,58.48261664039279,-21.84814993225858,background
NA,NA,NA,58.889782342831666,0.0742213295149898,background
NA,NA,NA,43.42921237509729,-15.1441322392091,background
NA,NA,NA,82.276745041474,8.03784339807559,background
NA,NA,NA,43.86077666998041,-30.510762246275185,background
NA,NA,NA,73.60826757011657,-5.7142047726456795,background
NA,NA,NA,41.86255845722692,-10.927198676588398,background
NA,NA,NA,81.42932734547334,5.121693956754468,background
NA,NA,NA,64.26974057452306,17.661357060919762,background
NA,NA,NA,38.499484525748926,-29.668035088364093,background
NA,NA,NA,47.90638021458262,-2.111034870992422,background
NA,NA,NA,64.08578729340458,-19.297632562176343,background
NA,NA,NA,49.34530671649988,5.056352280198308,background
NA,NA,NA,64.97349428855435,7.511882080070459,background
NA,NA,NA,52.70065579449944,-3.264823214354535,background
NA,NA,NA,51.98155806119354,-28.836185170753463,background
NA,NA,NA,64.18777679918526,10.264715616917778,background
NA,NA,NA,71.20287050543143,-22.60348842803613,background
NA,NA,NA,68.6132568965834,11.736703087137696,background
NA,NA,NA,105.99214684650268,-28.331042720235654,background
NA,NA,NA,84.4456978711385,-17.709980177044095,background
