id,date,lon,lat,logit_g,g,type
M-111,2018-04-15T22:00:00Z,73.34873928139012,2.3939565204287017,3.5510462004582557,0.9974168674037512,occurrence
M-111,2018-04-16T22:00:00Z,73.36815114323147,2.354311522433049,3.551046200090951,0.9974168673908248,occurrence
M-111,2018-04-17T22:00:00Z,73.37942753272704,2.3274221350378017,3.5332540305417393,0.9967854175088964,occurrence
M-111,2018-04-18T22:00:00Z,73.37041056691935,2.3341778319847073,3.550310214021819,0.9973909567207128,occurrence
M-111,2018-04-19T22:00:00Z,73.32904172611931,2.3952582091008576,3.6271163021437367,1,occurrence
M-111,2018-04-20T22:00:00Z,73.20697355321936,2.5927296950549943,3.444800078627277,0.9934841685638068,occurrence
M-111,2018-04-21T22:00:00Z,73.15917499403578,3.0110200038573676,-0.6315730811667913,0.1863112433532402,occurrence
M-111,2018-04-22T22:00:00Z,72.99036198206245,3.103195709808786,0.7709851295939147,0.6231480021960847,occurrence
M-111,2018-04-23T22:00:00Z,72.95274982018474,3.214346772367085,1.981812322195051,0.8764144899775843,occurrence
M-111,2018-04-24T22:00:00Z,72.91286799604013,3.441412693431867,2.3670088056180405,0.9223622849998104,occurrence
M-111,2018-04-25T22:00:00Z,72.89489373910997,3.660361498135761,1.0222763935770227,0.6902242274899724,occurrence
M-111,2018-04-26T22:00:00Z,72.97990091008596,3.683493899180237,0.8303511473196973,0.6396247265857249,occurrence
M-111,2018-04-27T22:00:00Z,73.07779238824139,3.633560464075924,2.338806206082205,0.9194597909244496,occurrence
M-111,2018-04-28T22:00:00Z,73.12555309982595,3.48810447657044,3.2484673662297734,0.985102935456213,occurrence
M-111,2018-04-29T22:00:00Z,72.80028355182142,3.424097318274924,2.480040443523716,0.9333344233368036,occurrence
M-111,2018-04-30T22:00:00Z,72.72443829396433,3.4844154358288413,-1.3254619595109547,0.00818790737143922,occurrence
M-111,2018-05-01T22:00:00Z,72.83871692478422,3.46226437353444,-1.3639302942201126,0,occurrence
M-129,2017-12-08T21:00:00Z,73.3556958697782,2.401789807354696,-0.9734418793996612,0.9690400939262364,occurrence
M-129,2017-12-09T21:00:00Z,73.21486230778058,2.2136476744735396,-0.9736236085168682,0.8266538210337103,occurrence
M-129,2017-12-10T21:00:00Z,73.22059468225233,1.7173647224363002,-0.9734646312275704,0.9512132077986412,occurrence
M-129,2017-12-11T21:00:00Z,73.54256337919013,1.92924019508065,-0.9734023669157283,1,occurrence
M-129,2017-12-12T21:00:00Z,73.55655414019446,1.8818206372337585,-0.9746789704747824,0,occurrence
M-130,2017-03-28T20:00:00Z,73.34894494370523,2.3948831303635174,1.1608605160887808,0.6711750450540888,occurrence
M-130,2017-03-29T20:00:00Z,73.35891397849437,2.395803549367238,1.1608605160887808,0.6711750450540888,occurrence
M-130,2017-03-30T20:00:00Z,73.3637829699937,2.397648987984484,1.1600229399489426,0.6709594535085547,occurrence
M-130,2017-03-31T20:00:00Z,73.36253000763554,2.3942219828850577,1.1601674720224315,0.670996662708759,occurrence
M-130,2017-04-01T20:00:00Z,73.36055236061989,2.384715852919454,1.1606733787676946,0.6711268842216043,occurrence
M-130,2017-04-02T20:00:00Z,73.35784126645538,2.377687528360415,1.158208480495906,0.6704920890963443,occurrence
M-130,2017-04-03T20:00:00Z,73.35414727871611,2.379036098786503,1.155746800776086,0.6698573071339997,occurrence
M-130,2017-04-04T20:00:00Z,73.34912141351171,2.395592126325904,1.157520041238061,0.6703146465449715,occurrence
M-130,2017-04-05T20:00:00Z,73.33206236364751,2.424883433316386,1.1045290983454945,0.6564657712737652,occurrence
M-130,2017-04-06T20:00:00Z,73.29876510731845,2.3831289046282538,1.2210845883351933,0.6864284673912487,occurrence
M-130,2017-04-07T20:00:00Z,73.27449552876911,2.3423822935340937,1.2520950219516096,0.6940910092459532,occurrence
M-130,2017-04-08T20:00:00Z,73.26318852166506,2.3193888069795143,1.2955644786278084,0.7046118546775421,occurrence
M-130,2017-04-09T20:00:00Z,73.25449735152417,2.309607633662335,1.33470789594033,0.71386531829481,occurrence
M-130,2017-04-10T20:00:00Z,73.2443053928675,2.3185075466499083,1.4139476791741783,0.7319585264983107,occurrence
M-130,2017-04-11T20:00:00Z,73.23389844777375,2.333580954929843,1.4929977024010268,0.7491596455847727,occurrence
M-130,2017-04-12T20:00:00Z,73.22406188070215,2.351385780326366,1.565780866464055,0.7642546577218735,occurrence
M-130,2017-04-13T20:00:00Z,73.21564381998907,2.3686031497459874,1.6320896714116866,0.7773955841119176,occurrence
M-130,2017-04-14T20:00:00Z,73.20957124783918,2.381887189134442,1.6953924103722984,0.7894056804482954,occurrence
M-130,2017-04-15T20:00:00Z,73.21432806251204,2.372537849202443,1.76105567272961,0.8013215963630952,occurrence
M-130,2017-04-16T20:00:00Z,73.1947239805147,2.372476058053138,1.825269452513644,0.8124519309945838,occurrence
M-130,2017-04-17T20:00:00Z,73.14620717245124,2.4065480890410957,1.850994210253672,0.8167686320464173,occurrence
M-130,2017-04-18T20:00:00Z,73.20946867026584,2.406497545849735,1.9151261516464817,0.8271830971366166,occurrence
M-130,2017-04-19T20:00:00Z,73.28788665856582,2.3985138395259544,1.9470855397142344,0.8321912167046388,occurrence
M-130,2017-04-20T20:00:00Z,73.35136428282036,2.3867378382960953,1.9333353418928585,0.8300511688948432,occurrence
M-130,2017-04-21T20:00:00Z,73.3108305983254,2.371931155576267,2.0226813080334276,0.8435682106439223,occurrence
M-130,2017-04-22T20:00:00Z,73.25320258128194,2.3579002933154793,2.101660009239523,0.8547708755179247,occurrence
M-130,2017-04-23T20:00:00Z,73.1956285485276,2.346677355097747,2.150338192944971,0.8613395804203785,occurrence
M-130,2017-04-24T20:00:00Z,73.18279914802942,2.3504617082072627,2.2145680916641872,0.8696281100247398,occurrence
M-130,2017-04-25T20:00:00Z,73.15817769025277,2.375418018946189,2.28322311497174,0.8780273691402053,occurrence
M-130,2017-04-26T20:00:00Z,73.15861747577546,2.379958227138176,2.3515884892375136,0.8859370720217056,occurrence
M-130,2017-04-27T20:00:00Z,73.16674231893879,2.378710676315411,2.440941928036022,0.8956231909394468,occurrence
M-130,2017-04-28T20:00:00Z,73.17868095415766,2.3728413161938917,2.5258246842712246,0.9041756069747592,occurrence
M-130,2017-04-29T20:00:00Z,73.19355141658185,2.353731940833751,2.603002291023872,0.9114330435559328,occurrence
M-130,2017-04-30T20:00:00Z,73.1733791660539,2.339697462247175,2.6794668500634504,0.9181626983428604,occurrence
M-130,2017-05-01T20:00:00Z,73.13861738587377,2.330440190042676,2.765178623289267,0.9251916416074496,occurrence
M-130,2017-05-02T20:00:00Z,73.0957032700446,2.327835548354472,2.8464762531656627,0.9313854525995844,occurrence
M-130,2017-05-03T20:00:00Z,73.04988549127448,2.333963407882797,2.9234166286244725,0.9368485931185068,occurrence
M-130,2017-05-04T20:00:00Z,73.00638601115627,2.3509454640570406,2.9977514930376135,0.94178013232509,occurrence
M-130,2017-05-05T20:00:00Z,72.97043060943564,2.3809464323329683,3.0710135644362313,0.946326520164407,occurrence
M-130,2017-05-06T20:00:00Z,72.94727353596889,2.4261743076074533,3.142916461600069,0.9505029572450356,occurrence
M-130,2017-05-07T20:00:00Z,72.95618117586707,2.501563018255822,3.175392507613233,0.952300977464746,occurrence
M-130,2017-05-08T20:00:00Z,72.9917479473753,2.632687542435969,3.1997155995268964,0.953612879091172,occurrence
M-130,2017-05-09T20:00:00Z,73.04658958179664,2.9306387621263315,2.9396897028236144,0.9379565940573752,occurrence
M-130,2017-05-10T20:00:00Z,72.96273074255733,3.184096946566463,2.2544792205515174,0.8745675498695676,occurrence
M-130,2017-05-11T20:00:00Z,72.8896338173003,3.3289122470666066,1.2155376086119594,0.6850440641927427,occurrence
M-130,2017-05-12T20:00:00Z,72.85381955250602,3.315201617729953,1.158622892862986,0.6705988715379552,occurrence
M-130,2017-05-13T20:00:00Z,72.87147064236589,3.272428247138086,1.2215800813454094,0.6865519283682274,occurrence
M-130,2017-05-14T20:00:00Z,72.89844426077195,3.2139921005603984,1.2320069088982342,0.6891422300296848,occurrence
M-130,2017-05-15T20:00:00Z,72.86216421119167,3.3165132265891084,1.2894916614730876,0.7031575298860536,occurrence
M-130,2017-05-16T20:00:00Z,72.97718879601322,3.3016775543510537,1.329950421362811,0.7127518077973545,occurrence
M-130,2017-05-17T20:00:00Z,73.02378578917491,3.2563225180905913,1.1583497343221227,0.6705284888401559,occurrence
M-130,2017-05-18T20:00:00Z,72.98220856297152,3.297563700969503,1.0698896981099997,0.6472108099299932,occurrence
M-130,2017-05-19T20:00:00Z,73.02434320597305,3.2579540291610383,1.039119660981194,0.6388569859528168,occurrence
M-130,2017-05-20T20:00:00Z,72.99905965043946,3.293072028691092,1.0133237067648722,0.6317582866972805,occurrence
M-130,2017-05-21T20:00:00Z,72.99458314444809,3.2430552378234836,1.0624552440159964,0.6452038042405274,occurrence
M-130,2017-05-22T20:00:00Z,72.9846776134868,3.2948747207258293,1.2980395112847494,0.7052031363012188,occurrence
M-130,2017-05-23T20:00:00Z,73.0098080879405,3.261430716947725,1.329332107422826,0.7126068617848214,occurrence
M-130,2017-05-24T20:00:00Z,72.97507404293547,3.3025826747562013,1.7902890862833047,0.8064520476381346,occurrence
M-130,2017-05-25T20:00:00Z,72.94902940230065,3.308328118264946,-0.8166476825419133,0.02646500691550398,occurrence
M-130,2017-05-26T20:00:00Z,72.9406215510469,3.3016094553773567,-0.3735101222081084,0.16988031145384497,occurrence
M-130,2017-05-27T20:00:00Z,72.93281923160276,3.302224708859693,0.2195235957872047,0.3781204282431875,occurrence
M-130,2017-05-28T20:00:00Z,72.97497668991375,3.3024733400375443,0.5204737344285487,0.4809833479599141,occurrence
M-130,2017-05-29T20:00:00Z,72.97510499659595,3.3153625851345816,0.8421780844635122,0.582526051730662,occurrence
M-130,2017-05-30T20:00:00Z,72.975684171126,3.3034200949595456,1.303828451087987,0.7065828446764704,occurrence
M-130,2017-05-31T20:00:00Z,72.94430615287253,3.417928005388976,1.389362093854295,0.7264361951956669,occurrence
M-130,2017-06-01T20:00:00Z,72.93998751676533,3.511721619535767,1.488915325184825,0.7482919733912506,occurrence
M-130,2017-06-02T20:00:00Z,72.95015477108903,3.5852261314604212,1.597592755628041,0.7706312417692865,occurrence
M-130,2017-06-03T20:00:00Z,72.96540204795026,3.635061523117165,1.7250292962715914,0.7948515627512058,occurrence
M-130,2017-06-04T20:00:00Z,72.97851187554905,3.6081932971121864,1.959714567899776,0.8341374148383722,occurrence
M-130,2017-06-05T20:00:00Z,73.0359357362651,3.578679322804843,2.076071339401335,0.8512161116370258,occurrence
M-130,2017-06-06T20:00:00Z,72.86694769243515,3.48546022733831,1.9750661431215155,0.8364783775683677,occurrence
M-130,2017-06-07T20:00:00Z,72.80795579044722,3.45904357206514,1.8615063064841049,0.8185094843048188,occurrence
M-130,2017-06-08T20:00:00Z,72.78089689317778,3.481023919319539,1.834783662122817,0.8140578390185678,occurrence
M-130,2017-06-09T20:00:00Z,72.69489725986898,3.49788529044719,1.719517636063155,0.7938472423193053,occurrence
M-130,2017-06-10T20:00:00Z,72.80383829889963,3.466264324268012,1.7012830935683148,0.7904970382257445,occurrence
M-130,2017-06-11T20:00:00Z,72.79804760620789,3.4691054359682725,1.7438117867099083,0.7982451581689517,occurrence
M-130,2017-06-12T20:00:00Z,72.7048808869107,3.6951520271370426,0.9316640986964831,0.6087232202690563,occurrence
M-130,2017-06-13T20:00:00Z,72.69057066826421,3.702108833515827,1.1767255550525977,0.6752408490561752,occurrence
M-130,2017-06-14T20:00:00Z,72.69447085094457,3.693433244950231,1.4361873144619195,0.7368832460060623,occurrence
M-130,2017-06-15T20:00:00Z,72.79988012934815,3.630887053453905,1.5602445884399112,0.7631312538410702,occurrence
M-130,2017-06-16T20:00:00Z,72.89527139675667,3.67250683421362,1.4428155048265972,0.7383380222403649,occurrence
M-130,2017-06-17T20:00:00Z,72.93745142304986,3.5461909512126555,1.554782690393662,0.7620189572583717,occurrence
M-130,2017-06-18T20:00:00Z,72.9269796590196,3.5348905919669327,1.5870888816373572,0.7685405497292791,occurrence
M-130,2017-06-19T20:00:00Z,72.92543420709208,3.5252695469050215,1.6317454225429913,0.777328850980511,occurrence
M-130,2017-06-20T20:00:00Z,72.81714860429989,3.487563647717169,1.5368581172113318,0.7583408110645945,occurrence
M-130,2017-06-21T20:00:00Z,72.83683293551192,3.4642485799581135,1.5037910431956458,0.7514428883840585,occurrence
M-130,2017-06-22T20:00:00Z,72.85710405276406,3.465085092600815,1.540438074290376,0.7590788416979626,occurrence
M-130,2017-06-23T20:00:00Z,72.86196924329317,3.473498384200379,1.6146560526232774,0.7739965926106003,occurrence
M-130,2017-06-24T20:00:00Z,72.8602559388882,3.485523044478315,1.6966804947294067,0.7896447011993202,occurrence
M-130,2017-06-25T20:00:00Z,72.85855286678822,3.4982196200266276,1.7771401816671135,0.8041576006215063,occurrence
M-130,2017-06-26T20:00:00Z,72.86330585218421,3.5086901285464185,1.85569997962681,0.8175495805001661,occurrence
M-130,2017-06-27T20:00:00Z,72.91615379624795,3.513773221124366,1.9143753775123091,0.8270640084565696,occurrence
M-130,2017-06-28T20:00:00Z,72.91995035235215,3.541337739101591,-0.9061043419457552,0,occurrence
M-130,2017-06-29T20:00:00Z,72.90719426405123,3.562318991245762,-0.4140682030362096,0.15605688488101543,occurrence
M-130,2017-06-30T20:00:00Z,72.90926508743101,3.5893816129249836,0.09300320589486125,0.3335906824660035,occurrence
M-130,2017-07-01T20:00:00Z,72.9142013240704,3.5084899970517207,0.5670829669949556,0.4963302260925718,occurrence
M-130,2017-07-02T20:00:00Z,72.89426090373313,3.490347167577888,0.7932240007691747,0.5677894304275842,occurrence
M-130,2017-07-03T20:00:00Z,72.89101720189636,3.504295308798265,0.9519882939449792,0.6145354882401629,occurrence
M-130,2017-07-04T20:00:00Z,72.77438122689644,3.5223753956052963,0.943579526645844,0.6121370579439134,occurrence
M-130,2017-07-05T20:00:00Z,72.75881678059125,3.517120848692117,0.6745636164258162,0.5309515051982153,occurrence
M-130,2017-07-06T20:00:00Z,72.90382768401386,3.5014428317957553,0.43024354143204135,0.4507654509229293,occurrence
M-130,2017-07-07T20:00:00Z,72.93624155194115,3.5057279428387744,0.2839200215116553,0.4005718985997174,occurrence
M-130,2017-07-08T20:00:00Z,72.93175164954168,3.5189453516370737,0.4074366834182367,0.44303094534346193,occurrence
M-130,2017-07-09T20:00:00Z,72.91561494040147,3.5388432065697466,0.5776723851006265,0.49979006907918183,occurrence
M-130,2017-07-10T20:00:00Z,72.91366307082012,3.5735156847457445,0.708120090676229,0.5415235346212922,occurrence
M-130,2017-07-11T20:00:00Z,72.91629745575662,3.5911019946909595,0.7831914692894217,0.564735116269151,occurrence
M-130,2017-07-12T20:00:00Z,72.92671089495558,3.5264543428563795,0.961087408249135,0.6171207783385102,occurrence
M-130,2017-07-13T20:00:00Z,72.93944511694856,3.547943676529159,1.2032810058686174,0.6819702952868857,occurrence
M-130,2017-07-14T20:00:00Z,72.93324257630015,3.536960414581081,1.541111271393943,0.7592174347242003,occurrence
M-130,2017-07-15T20:00:00Z,72.93007652954516,3.565515437038707,1.8563071422210735,0.8176501474268685,occurrence
M-130,2017-07-16T20:00:00Z,72.9825715982686,3.6338719211207606,2.0989020673628738,0.854391147471729,occurrence
M-130,2017-07-17T20:00:00Z,72.97795654482171,3.681080469097083,2.3384583331415723,0.8844522209791785,occurrence
M-130,2017-07-18T20:00:00Z,72.955925324606,3.721454638276081,2.609159404167585,0.9119915725278052,occurrence
M-130,2017-07-19T20:00:00Z,72.92662407023823,3.7575164226336497,2.8849188696161723,0.9341620424608574,occurrence
M-130,2017-07-20T20:00:00Z,72.90194763696579,3.7911955164882016,3.1164064592356784,0.9489950086063528,occurrence
M-130,2017-07-21T20:00:00Z,72.91356327469586,3.821391127770466,3.397993153979721,0.9632735893814603,occurrence
M-130,2017-07-22T20:00:00Z,72.95059449247682,3.8483702464741927,3.679782739042487,0.9742554429176292,occurrence
M-130,2017-07-23T20:00:00Z,73.02487268696956,3.870240194215641,3.959773124563388,0.9826108779012278,occurrence
M-130,2017-07-24T20:00:00Z,73.14827444214434,3.885051514814068,4.232061119633111,0.9888397703779532,occurrence
M-130,2017-07-25T20:00:00Z,73.33271329593036,3.890809062774889,4.487756308495101,0.9933650209562666,occurrence
M-130,2017-07-26T20:00:00Z,73.59011573143249,3.885483778405968,4.716035648684943,0.996552481633494,occurrence
M-130,2017-07-27T20:00:00Z,73.93239096717429,3.86702371378713,4.9045834054189985,0.9986965403739518,occurrence
M-130,2017-07-28T20:00:00Z,74.37139487424052,3.833363902509366,5.039070106068668,1,occurrence
M-130,2017-07-29T20:00:00Z,75.02279362833333,3.765852103692075,5.000499401283836,0.9996436801912288,occurrence
M-130,2017-07-30T20:00:00Z,75.76716999641785,3.683292954919677,4.820851460496816,0.9977932792387638,occurrence
M-130,2017-07-31T20:00:00Z,76.57694217446887,3.589789280201672,4.4773820089595056,0.99320254760316,occurrence
M-130,2017-08-01T20:00:00Z,77.42532302238133,3.489147907867841,3.9282376950184017,0.9817779044164052,occurrence
M-130,2017-08-02T20:00:00Z,78.27226287378747,3.3867502796283366,3.0984304341086415,0.9479514735921644,occurrence
M-130,2017-08-03T20:00:00Z,79.02119250890816,3.294783904270961,1.8515686610113544,0.816864108928233,occurrence
M-130,2017-08-04T20:00:00Z,79.39483533327787,3.2473301454375463,0.03405162407921836,0.3127310643938102,occurrence
M-130,2017-08-05T20:00:00Z,79.3345927283113,3.2480891099448304,0.488361171162996,0.47030238177588024,occurrence
M-130,2017-08-06T20:00:00Z,79.3336652740544,3.118794365647155,1.6511500449130136,0.781066384753721,occurrence
M-130,2017-08-07T20:00:00Z,79.33413354215234,2.949655574970006,2.517570165977683,0.9033706620879566,occurrence
M-130,2017-08-08T20:00:00Z,79.31380658628974,2.761014939107425,3.0536162694978044,0.9452741478276592,occurrence
M-130,2017-08-09T20:00:00Z,79.12923653579621,2.6047777109861348,3.34097480729148,0.960675399425482,occurrence
M-130,2017-08-10T20:00:00Z,78.8321243328093,2.3794271343048585,3.221617568794534,0.954769293356825,occurrence
M-130,2017-08-11T20:00:00Z,78.54832126539453,2.1418381025879487,2.8170503453500877,0.92919494600047,occurrence
M-130,2017-08-12T20:00:00Z,78.47402395970119,1.928504908421782,2.7396940163262085,0.9231566586092844,occurrence
M-130,2017-08-13T20:00:00Z,78.41623594373904,1.7643252688050917,2.6527553461511983,0.9158623689101174,occurrence
M-130,2017-08-14T20:00:00Z,78.35006568339135,1.6216929021102648,2.6063475338016033,0.9117368678491998,occurrence
M-130,2017-08-15T20:00:00Z,78.2772769001733,1.5002350338486874,2.59990765355554,0.9111511986418273,occurrence
M-130,2017-08-16T20:00:00Z,78.19944952464226,1.3993439458422892,2.6313762590592864,0.9139824133012991,occurrence
M-130,2017-08-17T20:00:00Z,78.11800533806071,1.3183527667759918,2.697272013323313,0.9196665680020556,occurrence
M-130,2017-08-18T20:00:00Z,78.03426084545967,1.2566740021714091,2.7929588135620618,0.9273584618695936,occurrence
M-130,2017-08-19T20:00:00Z,77.94948923935422,1.2138837203885824,2.9130443288731085,0.9361338662963218,occurrence
M-130,2017-08-20T20:00:00Z,77.86497633878865,1.1897540325000513,3.051816844778935,0.9451643454918583,occurrence
M-130,2017-08-21T20:00:00Z,77.782061999079815,1.1842475568775852,3.2036324184381235,0.9538214042974604,occurrence
M-130,2017-08-22T20:00:00Z,77.70216488167699,1.1974899848747649,3.363196730833359,0.9617044735679392,occurrence
M-130,2017-08-23T20:00:00Z,77.62679268715577,1.2297340301951163,3.525725352401541,0.968614153505325,occurrence
M-130,2017-08-24T20:00:00Z,77.55754177056406,1.2813234449982285,3.686995842770138,0.974499911647543,occurrence
M-130,2017-08-25T20:00:00Z,77.49609016394639,1.3526615916806188,3.84331917421073,0.979405260609896,occurrence
M-130,2017-08-26T20:00:00Z,77.44418726760343,1.4441860933726336,3.991458971524649,0.9834227420584276,occurrence
M-130,2017-08-27T20:00:00Z,77.40364246349161,1.5563493456004849,4.128520734872639,0.986662231902062,occurrence
M-130,2017-08-28T20:00:00Z,77.37631398670209,1.6896038250438326,4.251824434388648,0.9892311094520188,occurrence
M-130,2017-08-29T20:00:00Z,77.36409868022028,1.8443908092663703,4.358765248134863,0.9912229922224558,occurrence
M-130,2017-08-30T20:00:00Z,77.36892274276855,2.021131024371212,4.446659321213882,0.9927116179973114,occurrence
M-130,2017-08-31T20:00:00Z,77.39273318452186,2.2202156388725083,4.512563357814858,0.9937469096855228,occurrence
M-130,2017-09-01T20:00:00Z,77.43748931478751,2.441995713957784,4.553046472336766,0.9943505551681108,occurrence
M-130,2017-09-02T20:00:00Z,77.50515301592552,2.6867674103702464,4.563875990831655,0.9945080198054488,occurrence
M-130,2017-09-03T20:00:00Z,77.59767544788318,2.954748344495158,4.5395476525410094,0.9941519258285252,occurrence
M-130,2017-09-04T20:00:00Z,77.73562062943647,3.2621386908901933,4.478492410484008,0.9932200166080732,occurrence
M-130,2017-09-05T20:00:00Z,77.89009480220167,3.592976154440529,4.299886602228822,0.9901520068782362,occurrence
M-130,2017-09-06T20:00:00Z,78.02307319230407,3.9284806682420337,4.068893896167051,0.9853054841883616,occurrence
M-130,2017-09-07T20:00:00Z,78.1050154356219,4.257014233758179,3.825548670552325,0.9788838279014483,occurrence
M-130,2017-09-08T20:00:00Z,78.10635451917997,4.566985904694899,3.6324013828651696,0.9726072490743408,occurrence
M-130,2017-09-09T20:00:00Z,77.99782807332691,4.847626001902128,3.5501266592510556,0.969563375581605,occurrence
M-130,2017-09-10T20:00:00Z,77.6167483372006,5.051569548713214,3.5837680916041847,0.9708366904745048,occurrence
M-130,2017-09-11T20:00:00Z,77.16388142497944,5.215629565875408,3.4265284468450123,0.9645228011967324,occurrence
M-130,2017-09-12T20:00:00Z,76.75871657308568,5.277687323547253,3.236255106355896,0.9555292169654572,occurrence
M-130,2017-09-13T20:00:00Z,76.37521772971277,5.304671605389412,3.080343086494553,0.9468840343982744,occurrence
M-130,2017-09-14T20:00:00Z,76.013265740847,5.302882806249646,2.967230329686747,0.9397952053456788,occurrence
M-130,2017-09-15T20:00:00Z,75.67369494388427,5.275841425034813,2.879054466472557,0.9337446096040454,occurrence
M-130,2017-09-16T20:00:00Z,75.35710551833266,5.227121827057328,2.7993280145660435,0.927847799358032,occurrence
M-130,2017-09-17T20:00:00Z,75.06410835037235,5.160339027379617,2.714452779339351,0.921095688558522,occurrence
M-130,2017-09-18T20:00:00Z,74.79550290506796,5.0791806248015545,2.6142151749336637,0.912447982233998,occurrence
M-130,2017-09-19T20:00:00Z,74.55238452512462,4.987462587784366,2.4918037607812953,0.9008213980731886,occurrence
M-130,2017-09-20T20:00:00Z,74.33617875409549,4.8891870926633265,2.343814978794191,0.8850599315097457,occurrence
M-130,2017-09-21T20:00:00Z,74.1485823011417,4.788573111155013,2.1705567473539658,0.8639945558779243,occurrence
M-130,2017-09-22T20:00:00Z,73.99136956308739,4.690012595012524,1.9768051332211072,0.8367418487336461,occurrence
M-130,2017-09-23T20:00:00Z,73.86603184948187,4.597889551142512,1.7729475831187167,0.8034214794815138,occurrence
M-130,2017-09-24T20:00:00Z,73.7733089074631,4.516230045758079,1.5759986134155288,0.7663173464124252,occurrence
M-130,2017-09-25T20:00:00Z,73.71428401210348,4.448905389678692,1.428071722286563,0.7350939080035533,occurrence
M-130,2017-09-26T20:00:00Z,73.70973857418238,4.407262500072625,1.3824621267381625,0.7248715820965149,occurrence
M-130,2017-09-27T20:00:00Z,73.70812095192318,4.380167982613707,1.3824546244033216,0.7248698773677091,occurrence
M-149,2017-11-25T22:00:00Z,73.3517683254175,2.3972828569627014,1.9955714078863436,0.8941611970377532,occurrence
M-149,2017-11-26T22:00:00Z,73.32654429834236,2.3775866188435963,1.9955713993987332,0.8941611884001659,occurrence
M-149,2017-11-27T22:00:00Z,73.25966025208251,2.437167797053202,1.9954721890927785,0.8940602212160268,occurrence
M-149,2017-11-28T22:00:00Z,73.21376591015377,2.432518318641557,1.9954219621843527,0.894009101952836,occurrence
M-149,2017-11-29T22:00:00Z,73.19472477418633,2.386704673884165,1.9954441469802295,0.8940316811349833,occurrence
M-149,2017-11-30T22:00:00Z,73.24005893942882,2.28770264607195,1.995487596832752,0.8940759023056797,occurrence
M-149,2017-12-01T22:00:00Z,72.80756752993709,3.1447938703408673,1.996318946977119,0.8949217290438471,occurrence
M-149,2017-12-02T22:00:00Z,72.12500967942968,4.490881470535444,1.9903660387806263,0.8888533516184947,occurrence
M-149,2017-12-03T22:00:00Z,71.47421673984324,5.77583807925264,1.9706919573443464,0.8686015833991872,occurrence
M-149,2017-12-04T22:00:00Z,71.06075586047882,6.601618439931194,1.9468009481541315,0.8436011387183643,occurrence
M-149,2017-12-05T22:00:00Z,71.09354531645782,6.5659616472904005,1.9347938184827784,0.8308660299509609,occurrence
M-149,2017-12-06T22:00:00Z,71.78805674622896,5.250902007755804,1.942291047052798,0.8388312322304948,occurrence
M-149,2017-12-07T22:00:00Z,73.41862981861594,2.1151256220455092,1.947281716335873,0.8441086733531803,occurrence
M-149,2017-12-08T22:00:00Z,74.16742339334041,1.2090523907848705,1.912553581415153,0.8069736108629413,occurrence
M-149,2017-12-09T22:00:00Z,76.76475140116649,-0.5214129192944825,2.003491791846172,0.90219728623247,occurrence
M-149,2017-12-10T22:00:00Z,77.92156165949197,-4.826407110136801,2.055706379929844,0.9539727805219128,occurrence
M-149,2017-12-11T22:00:00Z,80.93431382570303,-9.252341898031544,2.077176578479897,0.9746650790139998,occurrence
M-149,2017-12-12T22:00:00Z,86.03027285665529,-11.811042890757369,2.1039616517762547,1,occurrence
M-149,2017-12-13T22:00:00Z,90.6163668552882,-11.184212159523728,1.8920531643273115,0.7845979462272068,occurrence
M-149,2017-12-14T22:00:00Z,94.5262282423316,-10.449826518402585,1.746816219891877,0.6161391227764461,occurrence
M-149,2017-12-15T22:00:00Z,97.28578401850194,-10.458587355038368,1.418126122910609,0.1668848619808537,occurrence
M-149,2017-12-16T22:00:00Z,97.7166127505732,-10.71314293056406,1.3868121611341624,0.11895497628165724,occurrence
M-149,2017-12-17T22:00:00Z,98.06059267269964,-10.283801072526288,1.353125908709434,0.06637878290930535,occurrence
M-149,2017-12-18T22:00:00Z,97.99902581443276,-9.266167906498078,1.3281300355108214,0.0266850244602898,occurrence
M-149,2017-12-19T22:00:00Z,98.52462720769428,-9.175164961685317,1.3299414835040153,0.02958114138942762,occurrence
M-149,2017-12-20T22:00:00Z,99.52453016293258,-9.771063349928978,1.3115280913103973,0,occurrence
M-149,2017-12-21T22:00:00Z,100.19322224184565,-10.503801600752904,1.311714137471426,3.0045950972427466e-4,occurrence
M-150,2017-11-25T22:00:00Z,73.35222173789359,2.3975901212387845,4.859233506493183,0.998561560630019,occurrence
M-150,2017-11-26T22:00:00Z,73.3371621224559,2.412598027011286,4.85949783963524,0.9985941330218868,occurrence
M-150,2017-11-27T22:00:00Z,73.25087589817234,2.4265633221107032,4.8604805905798925,0.9987151579641096,occurrence
M-150,2017-11-28T22:00:00Z,73.16220936354642,2.4315967550910784,4.86135494408458,0.9988227354525342,occurrence
M-150,2017-11-29T22:00:00Z,73.10146740728563,2.429184118928076,4.862290814407495,0.9989377791883812,occurrence
M-150,2017-11-30T22:00:00Z,73.14849563633962,2.416589491942859,4.863219217390767,0.9990518002862993,occurrence
M-150,2017-12-01T22:00:00Z,73.13173704287378,2.4213370731029875,4.864161068597648,0.99916736655639,occurrence
M-150,2017-12-02T22:00:00Z,73.0874491789161,2.427219015249533,4.866035447731622,0.9993970364732788,occurrence
M-150,2017-12-03T22:00:00Z,73.09106423880831,2.392422163279383,4.867922500823447,0.9996278315265308,occurrence
M-150,2017-12-04T22:00:00Z,73.19491750250727,2.282032426694401,4.870193271556352,0.9999049890105576,occurrence
M-150,2017-12-05T22:00:00Z,73.48542038812059,2.036862193822241,4.870972873453972,1,occurrence
M-150,2017-12-06T22:00:00Z,74.12276068653527,1.5546156187402824,4.848891334919656,0.9972804717932612,occurrence
M-150,2017-12-07T22:00:00Z,74.88722635618078,1.0560579630360802,4.805463060171392,0.9917563433815316,occurrence
M-150,2017-12-08T22:00:00Z,75.47500028510375,0.5548021268553863,4.751594544222362,0.984568024286834,occurrence
M-150,2017-12-09T22:00:00Z,75.98671194380996,0.05392535037573316,4.699941330855694,0.9773085195511038,occurrence
M-150,2017-12-10T22:00:00Z,76.47712197560512,-0.3930474822452049,4.654670241519053,0.970636030436578,occurrence
M-150,2017-12-11T22:00:00Z,77.00024907457319,-0.7329721871686992,4.620254746545363,0.9653614924035196,occurrence
M-150,2017-12-12T22:00:00Z,77.71692216932529,-0.7660720643243953,4.617273138475311,0.964896094539568,occurrence
M-150,2017-12-13T22:00:00Z,78.67336469640543,-0.7130659709899483,4.604519405496813,0.96288994344595,occurrence
M-150,2017-12-14T22:00:00Z,79.51053827824548,-0.7320652271621888,4.592443895650568,0.9609672223469292,occurrence
M-150,2017-12-15T22:00:00Z,80.11935838469437,-0.8678945720649145,4.587444875626174,0.9601645706996146,occurrence
M-150,2017-12-16T22:00:00Z,80.27930411480328,-1.2210096577419425,4.595691058234187,0.9614864900370498,occurrence
M-150,2017-12-17T22:00:00Z,80.23295312879347,-1.6773279920509412,4.6065333446231085,0.963208404281992,occurrence
M-150,2017-12-18T22:00:00Z,80.01533516210232,-2.2229440247720587,4.615191892658792,0.9645704265977384,occurrence
M-150,2017-12-19T22:00:00Z,79.66144711835851,-2.843907453299284,4.618605341114109,0.9651042056000037,occurrence
M-150,2017-12-20T22:00:00Z,79.20628271524262,-3.526205321659081,4.615111141197782,0.96455777742224,occurrence
M-150,2017-12-21T22:00:00Z,78.68485944300865,-4.255756780494632,4.604150827075794,0.9628315926694234,occurrence
M-150,2017-12-22T22:00:00Z,78.13223698681992,-5.018421848106548,4.586016337923959,0.9599344788871386,occurrence
M-150,2017-12-23T22:00:00Z,77.58352506383623,-5.800023160324121,4.561628222359557,0.9559562477502084,occurrence
M-150,2017-12-24T22:00:00Z,77.07388100490745,-6.586377969520729,4.53232500251543,0.951048873737929,occurrence
M-150,2017-12-25T22:00:00Z,76.63849921767365,-7.363336123567636,4.499639404872197,0.9454064234629332,occurrence
M-150,2017-12-26T22:00:00Z,76.31259616201568,-8.116818269549304,4.465038705848239,0.9392335409712308,occurrence
M-150,2017-12-27T22:00:00Z,76.13139526155037,-8.83284722640663,4.429611814665344,0.9326932447189172,occurrence
M-150,2017-12-28T22:00:00Z,76.13011530474945,-9.497564763427572,4.393693287683881,0.9258271330157416,occurrence
M-150,2017-12-29T22:00:00Z,76.34396205953479,-10.09722641753916,4.356420105144393,0.9184430644843288,occurrence
M-150,2017-12-30T22:00:00Z,76.80811459679232,-10.618168776670034,4.3152122440939324,0.9099611413128336,occurrence
M-150,2017-12-31T22:00:00Z,77.61020850891246,-11.02975249782204,4.278584298979737,0.9021308609927328,occurrence
M-150,2018-01-01T22:00:00Z,78.9745586430951,-11.25791843491827,4.184580288370709,0.8807110994834344,occurrence
M-150,2018-01-02T22:00:00Z,80.55126858502565,-11.422429748586614,4.050298435981831,0.8465207559774268,occurrence
M-150,2018-01-03T22:00:00Z,82.25047459271589,-11.557275773656212,3.869628053351963,0.7929381996255963,occurrence
M-150,2018-01-04T22:00:00Z,83.97872853423593,-11.69647663949948,3.64232654646177,0.7109137200830261,occurrence
M-150,2018-01-05T22:00:00Z,85.6376824975743,-11.874123924831528,3.375382955055344,0.5890706132278608,occurrence
M-150,2018-01-06T22:00:00Z,87.1234526989114,-12.124299898888452,3.0858360275889565,0.4176777381941348,occurrence
M-150,2018-01-07T22:00:00Z,87.94856861033487,-12.635893910067107,3.0009071818752884,0.35814114388749363,occurrence
M-150,2018-01-08T22:00:00Z,88.36129932211148,-13.104821618672576,2.892621489030703,0.27528752481464325,occurrence
M-150,2018-01-09T22:00:00Z,88.80630148136282,-13.45128369923588,2.7602995012909837,0.16252568002474932,occurrence
M-150,2018-01-10T22:00:00Z,89.26829669385818,-13.71136174642291,2.6707740933977626,0.07841530375493432,occurrence
M-150,2018-01-11T22:00:00Z,89.74202289099242,-13.892445057694877,2.617901149311885,0.02556754163188841,occurrence
M-150,2018-01-12T22:00:00Z,90.22319456023196,-14.002280617084796,2.594478357364871,0.0013719748638786999,occurrence
M-150,2018-01-13T22:00:00Z,90.70827181281506,-14.04856736897581,2.5931642636892818,0,occurrence
M-150,2018-01-14T22:00:00Z,91.19418250742552,-14.038720243597025,2.6071711051180753,0.01454414490721544,occurrence
M-150,2018-01-15T22:00:00Z,91.6780673383374,-13.979784155789222,2.630678373165384,0.03856146442384945,occurrence
M-150,2018-01-16T22:00:00Z,92.15708144649363,-13.87844823272978,2.659004957690035,0.06686070584988058,occurrence
M-150,2018-01-17T22:00:00Z,92.6282587722518,-13.741111671902583,2.6886140846311246,0.09570584233796026,occurrence
M-150,2018-01-18T22:00:00Z,93.08843100609658,-13.573966329409558,2.7170234480699875,0.1226902897654652,occurrence
M-150,2018-01-19T22:00:00Z,93.5341882510631,-13.383075603402403,2.742674280697978,0.14648436793055564,occurrence
M-150,2018-01-20T22:00:00Z,93.96186886082434,-13.174439922742222,2.764792029663875,0.16657482427385664,occurrence
M-150,2018-01-21T22:00:00Z,94.36756811469267,-12.954045817352457,2.7832542455932527,0.18304750826423713,occurrence
M-150,2018-01-22T22:00:00Z,94.747157708238,-12.727899235190112,2.798469632366148,0.19642275043398105,occurrence
M-150,2018-01-23T22:00:00Z,95.09630980415965,-12.502045690961165,2.811265167543543,0.2075322005247409,occurrence
M-150,2018-01-24T22:00:00Z,95.41052052649408,-12.28258083779826,2.822774590281291,0.21741792259748877,occurrence
M-150,2018-01-25T22:00:00Z,95.68512852247711,-12.075655581709908,2.834320474153234,0.227233987819912,occurrence
M-150,2018-01-26T22:00:00Z,95.91532493396944,-11.8874800024081,2.847283097140802,0.23813513345105977,occurrence
M-150,2018-01-27T22:00:00Z,96.0961522109167,-11.724329970441314,2.8629521709656034,0.2511454398001524,occurrence
M-150,2018-01-28T22:00:00Z,96.22249094912004,-11.5925592537195,2.8823618699844595,0.26701151820038327,occurrence
M-150,2018-01-29T22:00:00Z,96.27700691961796,-11.506726689832728,2.8990878260022828,0.2804647490384082,occurrence
M-150,2018-01-30T22:00:00Z,96.05925512321508,-11.537790396616144,2.912215253305763,0.2908833326737852,occurrence
M-150,2018-01-31T22:00:00Z,95.9231902114946,-11.482422805260406,2.9271306369867744,0.3025730045101777,occurrence
M-150,2018-02-01T22:00:00Z,95.91464388812062,-11.340424785972113,2.954973958840599,0.32397982524297125,occurrence
M-150,2018-02-02T22:00:00Z,95.98793738219918,-11.144508823824175,2.9798391815576832,0.3426483495962304,occurrence
M-150,2018-02-03T22:00:00Z,96.1269543041546,-10.907182749407047,2.997892739104298,0.35594246833546583,occurrence
M-150,2018-02-04T22:00:00Z,96.31577608106532,-10.640917741242829,3.007506777022578,0.3629338618298202,occurrence
M-150,2018-02-05T22:00:00Z,96.53857505188007,-10.358230820483913,3.0088011077150028,0.36387046745946133,occurrence
M-150,2018-02-06T22:00:00Z,96.77954599187026,-10.071726739450233,3.0032615811240357,0.3598542286081691,occurrence
M-150,2018-02-07T22:00:00Z,97.02287464455992,-9.794104285788274,2.9934031497672007,0.3526567114740649,occurrence
M-150,2018-02-08T22:00:00Z,97.25273382499851,-9.538137635035106,2.9824244874218904,0.34456542944464214,occurrence
M-150,2018-02-09T22:00:00Z,97.45329145940194,-9.316648249911609,2.9737990704217254,0.33815194557440625,occurrence
M-150,2018-02-10T22:00:00Z,97.60871088143772,-9.142485828049802,2.970763212199272,0.3358827034963224,occurrence
M-150,2018-02-11T22:00:00Z,97.70312487168516,-9.028534766584547,2.975694937221759,0.3395659160824334,occurrence
M-150,2018-02-12T22:00:00Z,97.72057450276708,-8.987752667309843,2.9894223163058125,0.3497321110094175,occurrence
M-150,2018-02-13T22:00:00Z,97.64713529225446,-9.038733571823457,3.004538960220726,0.36078213559286654,occurrence
M-150,2018-02-14T22:00:00Z,97.69521545413556,-9.05121888902184,3.0226277635497416,0.3738074750654066,occurrence
M-150,2018-02-15T22:00:00Z,97.70305454073754,-9.06296260833773,3.0566058686128654,0.3977036761658589,occurrence
M-150,2018-02-16T22:00:00Z,97.69999794294968,-9.078150821479106,3.090960851049846,0.4211251929627032,occurrence
M-150,2018-02-17T22:00:00Z,97.69712287136156,-9.100237417592774,3.1253327749154476,0.4438344711721874,occurrence
M-150,2018-02-18T22:00:00Z,97.70547569157488,-9.13268464536995,3.159572227934711,0.46575653200825656,occurrence
M-150,2018-02-19T22:00:00Z,97.74300290620651,-9.182650138537127,3.181664695022935,0.47953992398502904,occurrence
M-150,2018-02-20T22:00:00Z,97.82912204631415,-9.258712969236598,3.2123422757822584,0.49822058323983504,occurrence
M-150,2018-02-21T22:00:00Z,97.90535601921358,-9.329747122653645,3.231383324709649,0.5095522998684924,occurrence
M-150,2018-02-22T22:00:00Z,97.95756100631964,-9.364710581503395,3.2516051071782055,0.5213703806253016,occurrence
M-150,2018-02-23T22:00:00Z,98.0706800596116,-9.312944695988136,3.268741895695933,0.5312138494376194,occurrence
M-150,2018-02-24T22:00:00Z,98.17140958847315,-9.20281608212518,3.302575793635416,0.5501950247161032,occurrence
M-150,2018-02-25T22:00:00Z,98.25916038496165,-9.059668292718388,3.3349971095940143,0.5678324315047186,occurrence
M-150,2018-02-26T22:00:00Z,98.33034249371003,-8.890881054706702,3.3645255513025187,0.5834393020216779,occurrence
M-150,2018-02-27T22:00:00Z,98.38132006909068,-8.70380409693782,3.390394109900298,0.5967628587329377,occurrence
M-150,2018-02-28T22:00:00Z,98.40841099499984,-8.505785493085305,3.4123996948491815,0.6078459483151439,occurrence
M-150,2018-03-01T22:00:00Z,98.40788832702206,-8.304190951583681,3.430770676685485,0.6169252104121633,occurrence
M-150,2018-03-02T22:00:00Z,98.37598218624198,-8.106415288431945,3.4460483991364415,0.6243575748484381,occurrence
M-150,2018-03-03T22:00:00Z,98.30888100674686,-7.919887944325646,3.4589772409350896,0.6305645589234707,occurrence
M-150,2018-03-04T22:00:00Z,98.2027313454584,-7.752074642146452,3.470397526304496,0.6359849765734065,occurrence
M-150,2018-03-05T22:00:00Z,98.0377502105166,-7.621619140598043,3.478040158748354,0.6395800536943499,occurrence
M-150,2018-03-06T22:00:00Z,97.75129044847532,-7.575436438259545,3.4887186769238325,0.6445601386851991,occurrence
M-150,2018-03-07T22:00:00Z,97.4349509484931,-7.547784800293107,3.498244965988467,0.6489608397725556,occurrence
M-150,2018-03-08T22:00:00Z,97.1033002149915,-7.526826926505721,3.506002544426164,0.6525154434525858,occurrence
M-150,2018-03-09T22:00:00Z,96.77307325061491,-7.497867795215998,3.509958534708145,0.6543181472576381,occurrence
M-150,2018-03-10T22:00:00Z,96.46220195691316,-7.444059154267221,3.512423725395097,0.6554381167107651,occurrence
M-150,2018-03-11T22:00:00Z,96.1626240148544,-7.385724671701905,3.512936602707632,0.6556707971393898,occurrence
M-156,2018-04-15T22:00:00Z,73.34882820699393,2.3925787611852907,1.5408394296101262,0.826335649812422,occurrence
M-156,2018-04-16T22:00:00Z,73.36079533922266,2.428483432752814,1.5408394296101262,0.826335649812422,occurrence
M-156,2018-04-17T22:00:00Z,73.3421148843899,2.424449156477343,1.5658762950089875,0.8310970721544484,occurrence
M-156,2018-04-18T22:00:00Z,73.33617100519939,2.4190461541489947,1.7061593492883167,0.856357583693993,occurrence
M-156,2018-04-19T22:00:00Z,73.23812331079569,2.4693463172522763,2.0285434230994817,0.905742447858444,occurrence
M-156,2018-04-20T22:00:00Z,73.29000138710195,2.456470110124145,2.3448802938818756,0.9437006569007782,occurrence
M-156,2018-04-21T22:00:00Z,73.2313305394377,2.6088514379550496,3.059486136501777,1,occurrence
M-156,2018-04-22T22:00:00Z,73.02744370485397,2.741420861111707,2.6303160821702227,0.970437038204256,occurrence
M-156,2018-04-23T22:00:00Z,72.99544010706767,3.262397281717728,1.2250438679197688,0.7595152797780836,occurrence
M-156,2018-04-24T22:00:00Z,72.93658548823947,3.317551514065318,-1.092316929180645,0.07098957824119807,occurrence
M-156,2018-04-25T22:00:00Z,72.95471989997955,3.3025666138868037,-0.09584574214346551,0.3677346099534937,occurrence
M-156,2018-04-26T22:00:00Z,72.96376969910855,3.3042660366048526,1.1541263188279032,0.7427745988995369,occurrence
M-156,2018-04-27T22:00:00Z,72.88938938487506,3.428469390829151,1.726722876085088,0.8598615091086766,occurrence
M-156,2018-04-28T22:00:00Z,72.79066984241761,3.476287699446306,-1.1786916696054677,0.05001487795602973,occurrence
M-156,2018-04-29T22:00:00Z,72.76808600134856,3.481542782206661,-1.2608452263216938,0.03093462997474606,occurrence
M-156,2018-04-30T22:00:00Z,72.81480889112328,3.50357209415769,-1.1066006584208898,0.06745692105686699,occurrence
M-156,2018-05-01T22:00:00Z,72.91524290230466,3.506758990251114,-1.1593768483051838,0.05462426662056813,occurrence
M-156,2018-05-02T22:00:00Z,72.91076403321806,3.5243296009068548,-1.3482292218413483,0.01157817761869768,occurrence
M-156,2018-05-03T22:00:00Z,72.93737369649958,3.5203644882129965,-1.4027125051945577,0,occurrence
